as_of,index_name,code
2023-06-30,hs300,600000
2023-06-30,hs300,600009
2023-06-30,hs300,600010
2023-06-30,hs300,600011
2023-06-30,hs300,600015
2023-06-30,hs300,600016
2023-06-30,hs300,600018
2023-06-30,hs300,600019
2023-06-30,hs300,600025
2023-06-30,hs300,600028
2023-06-30,hs300,600029
2023-06-30,hs300,600030
2023-06-30,hs300,600031
2023-06-30,hs300,600036
2023-06-30,hs300,600039
2023-06-30,hs300,600048
2023-06-30,hs300,600050
2023-06-30,hs300,600061
2023-06-30,hs300,600085
2023-06-30,hs300,600089
2023-06-30,hs300,600104
2023-06-30,hs300,600111
2023-06-30,hs300,600115
2023-06-30,hs300,600132
2023-06-30,hs300,600150
2023-06-30,hs300,600176
2023-06-30,hs300,600183
2023-06-30,hs300,600188
2023-06-30,hs300,600196
2023-06-30,hs300,600219
2023-06-30,hs300,600233
2023-06-30,hs300,600276
2023-06-30,hs300,600309
2023-06-30,hs300,600332
2023-06-30,hs300,600346
2023-06-30,hs300,600362
2023-06-30,hs300,600383
2023-06-30,hs300,600406
2023-06-30,hs300,600426
2023-06-30,hs300,600436
2023-06-30,hs300,600438
2023-06-30,hs300,600460
2023-06-30,hs300,600519
2023-06-30,hs300,600547
2023-06-30,hs300,600570
2023-06-30,hs300,600584
2023-06-30,hs300,600585
2023-06-30,hs300,600588
2023-06-30,hs300,600600
2023-06-30,hs300,600606
2023-06-30,hs300,600660
2023-06-30,hs300,600674
2023-06-30,hs300,600690
2023-06-30,hs300,600732
2023-06-30,hs300,600741
2023-06-30,hs300,600745
2023-06-30,hs300,600754
2023-06-30,hs300,600760
2023-06-30,hs300,600763
2023-06-30,hs300,600795
2023-06-30,hs300,600803
2023-06-30,hs300,600809
2023-06-30,hs300,600837
2023-06-30,hs300,600845
2023-06-30,hs300,600875
2023-06-30,hs300,600884
2023-06-30,hs300,600886
2023-06-30,hs300,600887
2023-06-30,hs300,600893
2023-06-30,hs300,600900
2023-06-30,hs300,600905
2023-06-30,hs300,600918
2023-06-30,hs300,600919
2023-06-30,hs300,600926
2023-06-30,hs300,600941
2023-06-30,hs300,600958
2023-06-30,hs300,600989
2023-06-30,hs300,600999
2023-06-30,hs300,601006
2023-06-30,hs300,601009
2023-06-30,hs300,601012
2023-06-30,hs300,601021
2023-06-30,hs300,601066
2023-06-30,hs300,601088
2023-06-30,hs300,601100
2023-06-30,hs300,601111
2023-06-30,hs300,601117
2023-06-30,hs300,601138
2023-06-30,hs300,601155
2023-06-30,hs300,601166
2023-06-30,hs300,601169
2023-06-30,hs300,601186
2023-06-30,hs300,601211
2023-06-30,hs300,601216
2023-06-30,hs300,601225
2023-06-30,hs300,601229
2023-06-30,hs300,601236
2023-06-30,hs300,601238
2023-06-30,hs300,601288
2023-06-30,hs300,601318
2023-06-30,hs300,601319
2023-06-30,hs300,601328
2023-06-30,hs300,601336
2023-06-30,hs300,601360
2023-06-30,hs300,601377
2023-06-30,hs300,601390
2023-06-30,hs300,601398
2023-06-30,hs300,601600
2023-06-30,hs300,601601
2023-06-30,hs300,601607
2023-06-30,hs300,601615
2023-06-30,hs300,601618
2023-06-30,hs300,601628
2023-06-30,hs300,601633
2023-06-30,hs300,601658
2023-06-30,hs300,601668
2023-06-30,hs300,601669
2023-06-30,hs300,601688
2023-06-30,hs300,601689
2023-06-30,hs300,601698
2023-06-30,hs300,601699
2023-06-30,hs300,601728
2023-06-30,hs300,601766
2023-06-30,hs300,601788
2023-06-30,hs300,601799
2023-06-30,hs300,601800
2023-06-30,hs300,601808
2023-06-30,hs300,601816
2023-06-30,hs300,601818
2023-06-30,hs300,601838
2023-06-30,hs300,601857
2023-06-30,hs300,601865
2023-06-30,hs300,601868
2023-06-30,hs300,601872
2023-06-30,hs300,601877
2023-06-30,hs300,601878
2023-06-30,hs300,601881
2023-06-30,hs300,601888
2023-06-30,hs300,601898
2023-06-30,hs300,601899
2023-06-30,hs300,601901
2023-06-30,hs300,601919
2023-06-30,hs300,601939
2023-06-30,hs300,601985
2023-06-30,hs300,601988
2023-06-30,hs300,601989
2023-06-30,hs300,601995
2023-06-30,hs300,601998
2023-06-30,hs300,603019
2023-06-30,hs300,603185
2023-06-30,hs300,603195
2023-06-30,hs300,603259
2023-06-30,hs300,603260
2023-06-30,hs300,603288
2023-06-30,hs300,603290
2023-06-30,hs300,603369
2023-06-30,hs300,603392
2023-06-30,hs300,603486
2023-06-30,hs300,603501
2023-06-30,hs300,603659
2023-06-30,hs300,603799
2023-06-30,hs300,603806
2023-06-30,hs300,603833
2023-06-30,hs300,603899
2023-06-30,hs300,603986
2023-06-30,hs300,603993
2023-06-30,hs300,605117
2023-06-30,hs300,605499
2023-06-30,hs300,688005
2023-06-30,hs300,688008
2023-06-30,hs300,688012
2023-06-30,hs300,688036
2023-06-30,hs300,688065
2023-06-30,hs300,688111
2023-06-30,hs300,688126
2023-06-30,hs300,688187
2023-06-30,hs300,688223
2023-06-30,hs300,688303
2023-06-30,hs300,688363
2023-06-30,hs300,688396
2023-06-30,hs300,688561
2023-06-30,hs300,688599
2023-06-30,hs300,688981
2023-06-30,hs300,000001
2023-06-30,hs300,000002
2023-06-30,hs300,000063
2023-06-30,hs300,000069
2023-06-30,hs300,000100
2023-06-30,hs300,000157
2023-06-30,hs300,000166
2023-06-30,hs300,000301
2023-06-30,hs300,000333
2023-06-30,hs300,000338
2023-06-30,hs300,000408
2023-06-30,hs300,000425
2023-06-30,hs300,000538
2023-06-30,hs300,000568
2023-06-30,hs300,000596
2023-06-30,hs300,000617
2023-06-30,hs300,000625
2023-06-30,hs300,000651
2023-06-30,hs300,000661
2023-06-30,hs300,000708
2023-06-30,hs300,000723
2023-06-30,hs300,000725
2023-06-30,hs300,000733
2023-06-30,hs300,000768
2023-06-30,hs300,000776
2023-06-30,hs300,000786
2023-06-30,hs300,000792
2023-06-30,hs300,000800
2023-06-30,hs300,000858
2023-06-30,hs300,000876
2023-06-30,hs300,000877
2023-06-30,hs300,000895
2023-06-30,hs300,000938
2023-06-30,hs300,000963
2023-06-30,hs300,000977
2023-06-30,hs300,000983
2023-06-30,hs300,001289
2023-06-30,hs300,001979
2023-06-30,hs300,002001
2023-06-30,hs300,002007
2023-06-30,hs300,002027
2023-06-30,hs300,002049
2023-06-30,hs300,002050
2023-06-30,hs300,002064
2023-06-30,hs300,002074
2023-06-30,hs300,002120
2023-06-30,hs300,002129
2023-06-30,hs300,002142
2023-06-30,hs300,002179
2023-06-30,hs300,002180
2023-06-30,hs300,002202
2023-06-30,hs300,002230
2023-06-30,hs300,002236
2023-06-30,hs300,002241
2023-06-30,hs300,002252
2023-06-30,hs300,002271
2023-06-30,hs300,002304
2023-06-30,hs300,002311
2023-06-30,hs300,002352
2023-06-30,hs300,002371
2023-06-30,hs300,002410
2023-06-30,hs300,002414
2023-06-30,hs300,002415
2023-06-30,hs300,002459
2023-06-30,hs300,002460
2023-06-30,hs300,002466
2023-06-30,hs300,002475
2023-06-30,hs300,002493
2023-06-30,hs300,002555
2023-06-30,hs300,002594
2023-06-30,hs300,002601
2023-06-30,hs300,002648
2023-06-30,hs300,002709
2023-06-30,hs300,002714
2023-06-30,hs300,002736
2023-06-30,hs300,002756
2023-06-30,hs300,002812
2023-06-30,hs300,002821
2023-06-30,hs300,002841
2023-06-30,hs300,002916
2023-06-30,hs300,002920
2023-06-30,hs300,002938
2023-06-30,hs300,003816
2023-06-30,hs300,300014
2023-06-30,hs300,300015
2023-06-30,hs300,300033
2023-06-30,hs300,300059
2023-06-30,hs300,300122
2023-06-30,hs300,300124
2023-06-30,hs300,300142
2023-06-30,hs300,300207
2023-06-30,hs300,300223
2023-06-30,hs300,300274
2023-06-30,hs300,300316
2023-06-30,hs300,300347
2023-06-30,hs300,300408
2023-06-30,hs300,300413
2023-06-30,hs300,300433
2023-06-30,hs300,300450
2023-06-30,hs300,300454
2023-06-30,hs300,300496
2023-06-30,hs300,300498
2023-06-30,hs300,300601
2023-06-30,hs300,300628
2023-06-30,hs300,300661
2023-06-30,hs300,300750
2023-06-30,hs300,300751
2023-06-30,hs300,300759
2023-06-30,hs300,300760
2023-06-30,hs300,300763
2023-06-30,hs300,300769
2023-06-30,hs300,300782
2023-06-30,hs300,300896
2023-06-30,hs300,300919
2023-06-30,hs300,300957
2023-06-30,hs300,300979
2023-06-30,hs300,300999
2023-06-30,zz500,600008
2023-06-30,zz500,600021
2023-06-30,zz500,600022
2023-06-30,zz500,600027
2023-06-30,zz500,600032
2023-06-30,zz500,600038
2023-06-30,zz500,600056
2023-06-30,zz500,600060
2023-06-30,zz500,600062
2023-06-30,zz500,600066
2023-06-30,zz500,600079
2023-06-30,zz500,600095
2023-06-30,zz500,600096
2023-06-30,zz500,600109
2023-06-30,zz500,600118
2023-06-30,zz500,600126
2023-06-30,zz500,600131
2023-06-30,zz500,600141
2023-06-30,zz500,600143
2023-06-30,zz500,600153
2023-06-30,zz500,600155
2023-06-30,zz500,600157
2023-06-30,zz500,600160
2023-06-30,zz500,600161
2023-06-30,zz500,600166
2023-06-30,zz500,600167
2023-06-30,zz500,600170
2023-06-30,zz500,600171
2023-06-30,zz500,600177
2023-06-30,zz500,600195
2023-06-30,zz500,600208
2023-06-30,zz500,600258
2023-06-30,zz500,600259
2023-06-30,zz500,600271
2023-06-30,zz500,600282
2023-06-30,zz500,600297
2023-06-30,zz500,600298
2023-06-30,zz500,600299
2023-06-30,zz500,600315
2023-06-30,zz500,600316
2023-06-30,zz500,600325
2023-06-30,zz500,600329
2023-06-30,zz500,600339
2023-06-30,zz500,600348
2023-06-30,zz500,600350
2023-06-30,zz500,600352
2023-06-30,zz500,600369
2023-06-30,zz500,600372
2023-06-30,zz500,600373
2023-06-30,zz500,600377
2023-06-30,zz500,600378
2023-06-30,zz500,600380
2023-06-30,zz500,600390
2023-06-30,zz500,600392
2023-06-30,zz500,600398
2023-06-30,zz500,600399
2023-06-30,zz500,600409
2023-06-30,zz500,600415
2023-06-30,zz500,600416
2023-06-30,zz500,600418
2023-06-30,zz500,600435
2023-06-30,zz500,600481
2023-06-30,zz500,600482
2023-06-30,zz500,600486
2023-06-30,zz500,600487
2023-06-30,zz500,600489
2023-06-30,zz500,600497
2023-06-30,zz500,600498
2023-06-30,zz500,600499
2023-06-30,zz500,600500
2023-06-30,zz500,600507
2023-06-30,zz500,600511
2023-06-30,zz500,600516
2023-06-30,zz500,600517
2023-06-30,zz500,600521
2023-06-30,zz500,600528
2023-06-30,zz500,600529
2023-06-30,zz500,600535
2023-06-30,zz500,600536
2023-06-30,zz500,600546
2023-06-30,zz500,600549
2023-06-30,zz500,600556
2023-06-30,zz500,600563
2023-06-30,zz500,600566
2023-06-30,zz500,600580
2023-06-30,zz500,600582
2023-06-30,zz500,600597
2023-06-30,zz500,600598
2023-06-30,zz500,600623
2023-06-30,zz500,600637
2023-06-30,zz500,600642
2023-06-30,zz500,600655
2023-06-30,zz500,600663
2023-06-30,zz500,600667
2023-06-30,zz500,600673
2023-06-30,zz500,600699
2023-06-30,zz500,600704
2023-06-30,zz500,600705
2023-06-30,zz500,600707
2023-06-30,zz500,600718
2023-06-30,zz500,600737
2023-06-30,zz500,600739
2023-06-30,zz500,600755
2023-06-30,zz500,600764
2023-06-30,zz500,600765
2023-06-30,zz500,600782
2023-06-30,zz500,600801
2023-06-30,zz500,600808
2023-06-30,zz500,600820
2023-06-30,zz500,600827
2023-06-30,zz500,600839
2023-06-30,zz500,600848
2023-06-30,zz500,600859
2023-06-30,zz500,600862
2023-06-30,zz500,600863
2023-06-30,zz500,600867
2023-06-30,zz500,600871
2023-06-30,zz500,600873
2023-06-30,zz500,600879
2023-06-30,zz500,600885
2023-06-30,zz500,600895
2023-06-30,zz500,600901
2023-06-30,zz500,600906
2023-06-30,zz500,600909
2023-06-30,zz500,600927
2023-06-30,zz500,600928
2023-06-30,zz500,600956
2023-06-30,zz500,600959
2023-06-30,zz500,600967
2023-06-30,zz500,600968
2023-06-30,zz500,600970
2023-06-30,zz500,600985
2023-06-30,zz500,600988
2023-06-30,zz500,600995
2023-06-30,zz500,600998
2023-06-30,zz500,601000
2023-06-30,zz500,601005
2023-06-30,zz500,601016
2023-06-30,zz500,601058
2023-06-30,zz500,601077
2023-06-30,zz500,601098
2023-06-30,zz500,601106
2023-06-30,zz500,601108
2023-06-30,zz500,601118
2023-06-30,zz500,601128
2023-06-30,zz500,601136
2023-06-30,zz500,601139
2023-06-30,zz500,601156
2023-06-30,zz500,601158
2023-06-30,zz500,601162
2023-06-30,zz500,601168
2023-06-30,zz500,601179
2023-06-30,zz500,601187
2023-06-30,zz500,601198
2023-06-30,zz500,601228
2023-06-30,zz500,601231
2023-06-30,zz500,601233
2023-06-30,zz500,601298
2023-06-30,zz500,601456
2023-06-30,zz500,601555
2023-06-30,zz500,601568
2023-06-30,zz500,601577
2023-06-30,zz500,601598
2023-06-30,zz500,601608
2023-06-30,zz500,601611
2023-06-30,zz500,601636
2023-06-30,zz500,601665
2023-06-30,zz500,601666
2023-06-30,zz500,601696
2023-06-30,zz500,601717
2023-06-30,zz500,601718
2023-06-30,zz500,601778
2023-06-30,zz500,601828
2023-06-30,zz500,601866
2023-06-30,zz500,601869
2023-06-30,zz500,601880
2023-06-30,zz500,601928
2023-06-30,zz500,601958
2023-06-30,zz500,601966
2023-06-30,zz500,601969
2023-06-30,zz500,601990
2023-06-30,zz500,601991
2023-06-30,zz500,601992
2023-06-30,zz500,601997
2023-06-30,zz500,603000
2023-06-30,zz500,603026
2023-06-30,zz500,603056
2023-06-30,zz500,603077
2023-06-30,zz500,603127
2023-06-30,zz500,603156
2023-06-30,zz500,603160
2023-06-30,zz500,603218
2023-06-30,zz500,603225
2023-06-30,zz500,603228
2023-06-30,zz500,603233
2023-06-30,zz500,603267
2023-06-30,zz500,603317
2023-06-30,zz500,603338
2023-06-30,zz500,603355
2023-06-30,zz500,603379
2023-06-30,zz500,603444
2023-06-30,zz500,603456
2023-06-30,zz500,603517
2023-06-30,zz500,603529
2023-06-30,zz500,603568
2023-06-30,zz500,603589
2023-06-30,zz500,603596
2023-06-30,zz500,603638
2023-06-30,zz500,603650
2023-06-30,zz500,603658
2023-06-30,zz500,603688
2023-06-30,zz500,603707
2023-06-30,zz500,603712
2023-06-30,zz500,603737
2023-06-30,zz500,603786
2023-06-30,zz500,603816
2023-06-30,zz500,603826
2023-06-30,zz500,603858
2023-06-30,zz500,603866
2023-06-30,zz500,603868
2023-06-30,zz500,603882
2023-06-30,zz500,603883
2023-06-30,zz500,603885
2023-06-30,zz500,603893
2023-06-30,zz500,603927
2023-06-30,zz500,603939
2023-06-30,zz500,605358
2023-06-30,zz500,688002
2023-06-30,zz500,688006
2023-06-30,zz500,688009
2023-06-30,zz500,688029
2023-06-30,zz500,688052
2023-06-30,zz500,688072
2023-06-30,zz500,688082
2023-06-30,zz500,688099
2023-06-30,zz500,688105
2023-06-30,zz500,688107
2023-06-30,zz500,688116
2023-06-30,zz500,688169
2023-06-30,zz500,688185
2023-06-30,zz500,688188
2023-06-30,zz500,688200
2023-06-30,zz500,688208
2023-06-30,zz500,688220
2023-06-30,zz500,688234
2023-06-30,zz500,688248
2023-06-30,zz500,688256
2023-06-30,zz500,688276
2023-06-30,zz500,688281
2023-06-30,zz500,688289
2023-06-30,zz500,688295
2023-06-30,zz500,688301
2023-06-30,zz500,688385
2023-06-30,zz500,688390
2023-06-30,zz500,688516
2023-06-30,zz500,688520
2023-06-30,zz500,688521
2023-06-30,zz500,688536
2023-06-30,zz500,688538
2023-06-30,zz500,688567
2023-06-30,zz500,688690
2023-06-30,zz500,688772
2023-06-30,zz500,688777
2023-06-30,zz500,688778
2023-06-30,zz500,688779
2023-06-30,zz500,688819
2023-06-30,zz500,689009
2023-06-30,zz500,000009
2023-06-30,zz500,000012
2023-06-30,zz500,000021
2023-06-30,zz500,000027
2023-06-30,zz500,000031
2023-06-30,zz500,000039
2023-06-30,zz500,000050
2023-06-30,zz500,000060
2023-06-30,zz500,000066
2023-06-30,zz500,000089
2023-06-30,zz500,000155
2023-06-30,zz500,000156
2023-06-30,zz500,000400
2023-06-30,zz500,000401
2023-06-30,zz500,000402
2023-06-30,zz500,000415
2023-06-30,zz500,000423
2023-06-30,zz500,000513
2023-06-30,zz500,000519
2023-06-30,zz500,000537
2023-06-30,zz500,000547
2023-06-30,zz500,000553
2023-06-30,zz500,000559
2023-06-30,zz500,000563
2023-06-30,zz500,000581
2023-06-30,zz500,000591
2023-06-30,zz500,000598
2023-06-30,zz500,000623
2023-06-30,zz500,000629
2023-06-30,zz500,000630
2023-06-30,zz500,000636
2023-06-30,zz500,000683
2023-06-30,zz500,000703
2023-06-30,zz500,000709
2023-06-30,zz500,000728
2023-06-30,zz500,000729
2023-06-30,zz500,000738
2023-06-30,zz500,000739
2023-06-30,zz500,000750
2023-06-30,zz500,000778
2023-06-30,zz500,000783
2023-06-30,zz500,000785
2023-06-30,zz500,000807
2023-06-30,zz500,000825
2023-06-30,zz500,000830
2023-06-30,zz500,000831
2023-06-30,zz500,000869
2023-06-30,zz500,000878
2023-06-30,zz500,000883
2023-06-30,zz500,000887
2023-06-30,zz500,000893
2023-06-30,zz500,000898
2023-06-30,zz500,000930
2023-06-30,zz500,000932
2023-06-30,zz500,000933
2023-06-30,zz500,000937
2023-06-30,zz500,000958
2023-06-30,zz500,000959
2023-06-30,zz500,000960
2023-06-30,zz500,000967
2023-06-30,zz500,000970
2023-06-30,zz500,000975
2023-06-30,zz500,000987
2023-06-30,zz500,000988
2023-06-30,zz500,000997
2023-06-30,zz500,000998
2023-06-30,zz500,001203
2023-06-30,zz500,001227
2023-06-30,zz500,001872
2023-06-30,zz500,001914
2023-06-30,zz500,002008
2023-06-30,zz500,002010
2023-06-30,zz500,002019
2023-06-30,zz500,002025
2023-06-30,zz500,002028
2023-06-30,zz500,002030
2023-06-30,zz500,002032
2023-06-30,zz500,002056
2023-06-30,zz500,002065
2023-06-30,zz500,002078
2023-06-30,zz500,002080
2023-06-30,zz500,002081
2023-06-30,zz500,002092
2023-06-30,zz500,002110
2023-06-30,zz500,002128
2023-06-30,zz500,002131
2023-06-30,zz500,002138
2023-06-30,zz500,002152
2023-06-30,zz500,002153
2023-06-30,zz500,002155
2023-06-30,zz500,002156
2023-06-30,zz500,002183
2023-06-30,zz500,002185
2023-06-30,zz500,002192
2023-06-30,zz500,002195
2023-06-30,zz500,002203
2023-06-30,zz500,002221
2023-06-30,zz500,002223
2023-06-30,zz500,002240
2023-06-30,zz500,002244
2023-06-30,zz500,002249
2023-06-30,zz500,002250
2023-06-30,zz500,002266
2023-06-30,zz500,002268
2023-06-30,zz500,002273
2023-06-30,zz500,002281
2023-06-30,zz500,002294
2023-06-30,zz500,002299
2023-06-30,zz500,002326
2023-06-30,zz500,002340
2023-06-30,zz500,002353
2023-06-30,zz500,002368
2023-06-30,zz500,002372
2023-06-30,zz500,002373
2023-06-30,zz500,002384
2023-06-30,zz500,002385
2023-06-30,zz500,002399
2023-06-30,zz500,002407
2023-06-30,zz500,002408
2023-06-30,zz500,002409
2023-06-30,zz500,002422
2023-06-30,zz500,002423
2023-06-30,zz500,002429
2023-06-30,zz500,002430
2023-06-30,zz500,002432
2023-06-30,zz500,002439
2023-06-30,zz500,002444
2023-06-30,zz500,002463
2023-06-30,zz500,002465
2023-06-30,zz500,002468
2023-06-30,zz500,002487
2023-06-30,zz500,002497
2023-06-30,zz500,002500
2023-06-30,zz500,002505
2023-06-30,zz500,002506
2023-06-30,zz500,002507
2023-06-30,zz500,002508
2023-06-30,zz500,002511
2023-06-30,zz500,002518
2023-06-30,zz500,002531
2023-06-30,zz500,002532
2023-06-30,zz500,002557
2023-06-30,zz500,002563
2023-06-30,zz500,002568
2023-06-30,zz500,002572
2023-06-30,zz500,002595
2023-06-30,zz500,002600
2023-06-30,zz500,002608
2023-06-30,zz500,002624
2023-06-30,zz500,002625
2023-06-30,zz500,002653
2023-06-30,zz500,002670
2023-06-30,zz500,002673
2023-06-30,zz500,002683
2023-06-30,zz500,002690
2023-06-30,zz500,002705
2023-06-30,zz500,002738
2023-06-30,zz500,002739
2023-06-30,zz500,002745
2023-06-30,zz500,002761
2023-06-30,zz500,002791
2023-06-30,zz500,002797
2023-06-30,zz500,002831
2023-06-30,zz500,002850
2023-06-30,zz500,002867
2023-06-30,zz500,002901
2023-06-30,zz500,002925
2023-06-30,zz500,002926
2023-06-30,zz500,002936
2023-06-30,zz500,002939
2023-06-30,zz500,002945
2023-06-30,zz500,002958
2023-06-30,zz500,002966
2023-06-30,zz500,002985
2023-06-30,zz500,003035
2023-06-30,zz500,300001
2023-06-30,zz500,300003
2023-06-30,zz500,300009
2023-06-30,zz500,300012
2023-06-30,zz500,300017
2023-06-30,zz500,300024
2023-06-30,zz500,300026
2023-06-30,zz500,300037
2023-06-30,zz500,300058
2023-06-30,zz500,300070
2023-06-30,zz500,300073
2023-06-30,zz500,300088
2023-06-30,zz500,300115
2023-06-30,zz500,300118
2023-06-30,zz500,300136
2023-06-30,zz500,300144
2023-06-30,zz500,300146
2023-06-30,zz500,300182
2023-06-30,zz500,300212
2023-06-30,zz500,300244
2023-06-30,zz500,300251
2023-06-30,zz500,300253
2023-06-30,zz500,300257
2023-06-30,zz500,300285
2023-06-30,zz500,300296
2023-06-30,zz500,300308
2023-06-30,zz500,300357
2023-06-30,zz500,300363
2023-06-30,zz500,300373
2023-06-30,zz500,300383
2023-06-30,zz500,300390
2023-06-30,zz500,300395
2023-06-30,zz500,300418
2023-06-30,zz500,300438
2023-06-30,zz500,300442
2023-06-30,zz500,300474
2023-06-30,zz500,300482
2023-06-30,zz500,300487
2023-06-30,zz500,300529
2023-06-30,zz500,300558
2023-06-30,zz500,300568
2023-06-30,zz500,300595
2023-06-30,zz500,300604
2023-06-30,zz500,300618
2023-06-30,zz500,300676
2023-06-30,zz500,300677
2023-06-30,zz500,300682
2023-06-30,zz500,300699
2023-06-30,zz500,300724
2023-06-30,zz500,300741
2023-06-30,zz500,300748
2023-06-30,zz500,300776
2023-06-30,zz500,300832
2023-06-30,zz500,300850
2023-06-30,zz500,300861
2023-06-30,zz500,300866
2023-06-30,zz500,300888
2023-06-30,zz500,301029
2023-12-29,hs300,600000
2023-12-29,hs300,600009
2023-12-29,hs300,600010
2023-12-29,hs300,600011
2023-12-29,hs300,600015
2023-12-29,hs300,600016
2023-12-29,hs300,600018
2023-12-29,hs300,600019
2023-12-29,hs300,600023
2023-12-29,hs300,600025
2023-12-29,hs300,600028
2023-12-29,hs300,600029
2023-12-29,hs300,600030
2023-12-29,hs300,600031
2023-12-29,hs300,600036
2023-12-29,hs300,600039
2023-12-29,hs300,600048
2023-12-29,hs300,600050
2023-12-29,hs300,600061
2023-12-29,hs300,600085
2023-12-29,hs300,600089
2023-12-29,hs300,600104
2023-12-29,hs300,600111
2023-12-29,hs300,600115
2023-12-29,hs300,600132
2023-12-29,hs300,600150
2023-12-29,hs300,600176
2023-12-29,hs300,600183
2023-12-29,hs300,600188
2023-12-29,hs300,600196
2023-12-29,hs300,600219
2023-12-29,hs300,600233
2023-12-29,hs300,600276
2023-12-29,hs300,600309
2023-12-29,hs300,600332
2023-12-29,hs300,600346
2023-12-29,hs300,600362
2023-12-29,hs300,600372
2023-12-29,hs300,600406
2023-12-29,hs300,600426
2023-12-29,hs300,600436
2023-12-29,hs300,600438
2023-12-29,hs300,600460
2023-12-29,hs300,600489
2023-12-29,hs300,600515
2023-12-29,hs300,600519
2023-12-29,hs300,600547
2023-12-29,hs300,600570
2023-12-29,hs300,600584
2023-12-29,hs300,600585
2023-12-29,hs300,600588
2023-12-29,hs300,600600
2023-12-29,hs300,600606
2023-12-29,hs300,600660
2023-12-29,hs300,600674
2023-12-29,hs300,600690
2023-12-29,hs300,600732
2023-12-29,hs300,600741
2023-12-29,hs300,600745
2023-12-29,hs300,600754
2023-12-29,hs300,600760
2023-12-29,hs300,600795
2023-12-29,hs300,600803
2023-12-29,hs300,600809
2023-12-29,hs300,600837
2023-12-29,hs300,600845
2023-12-29,hs300,600875
2023-12-29,hs300,600886
2023-12-29,hs300,600887
2023-12-29,hs300,600893
2023-12-29,hs300,600900
2023-12-29,hs300,600905
2023-12-29,hs300,600918
2023-12-29,hs300,600919
2023-12-29,hs300,600926
2023-12-29,hs300,600938
2023-12-29,hs300,600941
2023-12-29,hs300,600958
2023-12-29,hs300,600989
2023-12-29,hs300,600999
2023-12-29,hs300,601006
2023-12-29,hs300,601009
2023-12-29,hs300,601012
2023-12-29,hs300,601021
2023-12-29,hs300,601059
2023-12-29,hs300,601066
2023-12-29,hs300,601088
2023-12-29,hs300,601100
2023-12-29,hs300,601111
2023-12-29,hs300,601117
2023-12-29,hs300,601138
2023-12-29,hs300,601155
2023-12-29,hs300,601166
2023-12-29,hs300,601169
2023-12-29,hs300,601186
2023-12-29,hs300,601211
2023-12-29,hs300,601225
2023-12-29,hs300,601229
2023-12-29,hs300,601236
2023-12-29,hs300,601238
2023-12-29,hs300,601288
2023-12-29,hs300,601318
2023-12-29,hs300,601319
2023-12-29,hs300,601328
2023-12-29,hs300,601336
2023-12-29,hs300,601360
2023-12-29,hs300,601377
2023-12-29,hs300,601390
2023-12-29,hs300,601398
2023-12-29,hs300,601600
2023-12-29,hs300,601601
2023-12-29,hs300,601607
2023-12-29,hs300,601615
2023-12-29,hs300,601618
2023-12-29,hs300,601628
2023-12-29,hs300,601633
2023-12-29,hs300,601658
2023-12-29,hs300,601668
2023-12-29,hs300,601669
2023-12-29,hs300,601688
2023-12-29,hs300,601689
2023-12-29,hs300,601698
2023-12-29,hs300,601699
2023-12-29,hs300,601728
2023-12-29,hs300,601766
2023-12-29,hs300,601788
2023-12-29,hs300,601799
2023-12-29,hs300,601800
2023-12-29,hs300,601808
2023-12-29,hs300,601816
2023-12-29,hs300,601818
2023-12-29,hs300,601838
2023-12-29,hs300,601857
2023-12-29,hs300,601865
2023-12-29,hs300,601868
2023-12-29,hs300,601872
2023-12-29,hs300,601877
2023-12-29,hs300,601878
2023-12-29,hs300,601881
2023-12-29,hs300,601888
2023-12-29,hs300,601898
2023-12-29,hs300,601899
2023-12-29,hs300,601901
2023-12-29,hs300,601916
2023-12-29,hs300,601919
2023-12-29,hs300,601939
2023-12-29,hs300,601985
2023-12-29,hs300,601988
2023-12-29,hs300,601989
2023-12-29,hs300,601995
2023-12-29,hs300,601998
2023-12-29,hs300,603019
2023-12-29,hs300,603195
2023-12-29,hs300,603259
2023-12-29,hs300,603260
2023-12-29,hs300,603288
2023-12-29,hs300,603290
2023-12-29,hs300,603369
2023-12-29,hs300,603392
2023-12-29,hs300,603486
2023-12-29,hs300,603501
2023-12-29,hs300,603659
2023-12-29,hs300,603799
2023-12-29,hs300,603806
2023-12-29,hs300,603833
2023-12-29,hs300,603899
2023-12-29,hs300,603986
2023-12-29,hs300,603993
2023-12-29,hs300,605117
2023-12-29,hs300,605499
2023-12-29,hs300,688008
2023-12-29,hs300,688012
2023-12-29,hs300,688036
2023-12-29,hs300,688041
2023-12-29,hs300,688065
2023-12-29,hs300,688111
2023-12-29,hs300,688126
2023-12-29,hs300,688187
2023-12-29,hs300,688223
2023-12-29,hs300,688256
2023-12-29,hs300,688271
2023-12-29,hs300,688303
2023-12-29,hs300,688363
2023-12-29,hs300,688396
2023-12-29,hs300,688561
2023-12-29,hs300,688599
2023-12-29,hs300,688981
2023-12-29,hs300,000001
2023-12-29,hs300,000002
2023-12-29,hs300,000063
2023-12-29,hs300,000069
2023-12-29,hs300,000100
2023-12-29,hs300,000157
2023-12-29,hs300,000166
2023-12-29,hs300,000301
2023-12-29,hs300,000333
2023-12-29,hs300,000338
2023-12-29,hs300,000408
2023-12-29,hs300,000425
2023-12-29,hs300,000538
2023-12-29,hs300,000568
2023-12-29,hs300,000596
2023-12-29,hs300,000617
2023-12-29,hs300,000625
2023-12-29,hs300,000651
2023-12-29,hs300,000661
2023-12-29,hs300,000708
2023-12-29,hs300,000725
2023-12-29,hs300,000733
2023-12-29,hs300,000768
2023-12-29,hs300,000776
2023-12-29,hs300,000786
2023-12-29,hs300,000792
2023-12-29,hs300,000800
2023-12-29,hs300,000858
2023-12-29,hs300,000876
2023-12-29,hs300,000877
2023-12-29,hs300,000895
2023-12-29,hs300,000938
2023-12-29,hs300,000963
2023-12-29,hs300,000977
2023-12-29,hs300,000983
2023-12-29,hs300,000999
2023-12-29,hs300,001289
2023-12-29,hs300,001979
2023-12-29,hs300,002001
2023-12-29,hs300,002007
2023-12-29,hs300,002027
2023-12-29,hs300,002049
2023-12-29,hs300,002050
2023-12-29,hs300,002074
2023-12-29,hs300,002129
2023-12-29,hs300,002142
2023-12-29,hs300,002179
2023-12-29,hs300,002180
2023-12-29,hs300,002202
2023-12-29,hs300,002230
2023-12-29,hs300,002236
2023-12-29,hs300,002241
2023-12-29,hs300,002252
2023-12-29,hs300,002271
2023-12-29,hs300,002304
2023-12-29,hs300,002311
2023-12-29,hs300,002352
2023-12-29,hs300,002371
2023-12-29,hs300,002410
2023-12-29,hs300,002415
2023-12-29,hs300,002459
2023-12-29,hs300,002460
2023-12-29,hs300,002466
2023-12-29,hs300,002475
2023-12-29,hs300,002493
2023-12-29,hs300,002555
2023-12-29,hs300,002594
2023-12-29,hs300,002601
2023-12-29,hs300,002603
2023-12-29,hs300,002648
2023-12-29,hs300,002709
2023-12-29,hs300,002714
2023-12-29,hs300,002736
2023-12-29,hs300,002812
2023-12-29,hs300,002821
2023-12-29,hs300,002841
2023-12-29,hs300,002916
2023-12-29,hs300,002920
2023-12-29,hs300,002938
2023-12-29,hs300,003816
2023-12-29,hs300,300014
2023-12-29,hs300,300015
2023-12-29,hs300,300033
2023-12-29,hs300,300059
2023-12-29,hs300,300122
2023-12-29,hs300,300124
2023-12-29,hs300,300142
2023-12-29,hs300,300223
2023-12-29,hs300,300274
2023-12-29,hs300,300308
2023-12-29,hs300,300316
2023-12-29,hs300,300347
2023-12-29,hs300,300408
2023-12-29,hs300,300413
2023-12-29,hs300,300433
2023-12-29,hs300,300450
2023-12-29,hs300,300454
2023-12-29,hs300,300496
2023-12-29,hs300,300498
2023-12-29,hs300,300628
2023-12-29,hs300,300661
2023-12-29,hs300,300750
2023-12-29,hs300,300751
2023-12-29,hs300,300759
2023-12-29,hs300,300760
2023-12-29,hs300,300763
2023-12-29,hs300,300782
2023-12-29,hs300,300896
2023-12-29,hs300,300919
2023-12-29,hs300,300957
2023-12-29,hs300,300979
2023-12-29,hs300,300999
2023-12-29,hs300,301269
2023-12-29,zz500,600004
2023-12-29,zz500,600008
2023-12-29,zz500,600021
2023-12-29,zz500,600022
2023-12-29,zz500,600032
2023-12-29,zz500,600038
2023-12-29,zz500,600056
2023-12-29,zz500,600060
2023-12-29,zz500,600062
2023-12-29,zz500,600066
2023-12-29,zz500,600079
2023-12-29,zz500,600095
2023-12-29,zz500,600096
2023-12-29,zz500,600109
2023-12-29,zz500,600118
2023-12-29,zz500,600126
2023-12-29,zz500,600129
2023-12-29,zz500,600131
2023-12-29,zz500,600141
2023-12-29,zz500,600143
2023-12-29,zz500,600153
2023-12-29,zz500,600155
2023-12-29,zz500,600157
2023-12-29,zz500,600160
2023-12-29,zz500,600161
2023-12-29,zz500,600166
2023-12-29,zz500,600167
2023-12-29,zz500,600170
2023-12-29,zz500,600177
2023-12-29,zz500,600208
2023-12-29,zz500,600258
2023-12-29,zz500,600271
2023-12-29,zz500,600282
2023-12-29,zz500,600298
2023-12-29,zz500,600299
2023-12-29,zz500,600315
2023-12-29,zz500,600316
2023-12-29,zz500,600325
2023-12-29,zz500,600329
2023-12-29,zz500,600339
2023-12-29,zz500,600348
2023-12-29,zz500,600350
2023-12-29,zz500,600352
2023-12-29,zz500,600369
2023-12-29,zz500,600373
2023-12-29,zz500,600377
2023-12-29,zz500,600378
2023-12-29,zz500,600380
2023-12-29,zz500,600390
2023-12-29,zz500,600392
2023-12-29,zz500,600398
2023-12-29,zz500,600399
2023-12-29,zz500,600415
2023-12-29,zz500,600416
2023-12-29,zz500,600418
2023-12-29,zz500,600435
2023-12-29,zz500,600481
2023-12-29,zz500,600482
2023-12-29,zz500,600486
2023-12-29,zz500,600497
2023-12-29,zz500,600498
2023-12-29,zz500,600499
2023-12-29,zz500,600500
2023-12-29,zz500,600511
2023-12-29,zz500,600516
2023-12-29,zz500,600517
2023-12-29,zz500,600521
2023-12-29,zz500,600528
2023-12-29,zz500,600529
2023-12-29,zz500,600535
2023-12-29,zz500,600536
2023-12-29,zz500,600546
2023-12-29,zz500,600549
2023-12-29,zz500,600563
2023-12-29,zz500,600566
2023-12-29,zz500,600580
2023-12-29,zz500,600582
2023-12-29,zz500,600583
2023-12-29,zz500,600597
2023-12-29,zz500,600598
2023-12-29,zz500,600637
2023-12-29,zz500,600642
2023-12-29,zz500,600655
2023-12-29,zz500,600663
2023-12-29,zz500,600673
2023-12-29,zz500,600699
2023-12-29,zz500,600704
2023-12-29,zz500,600707
2023-12-29,zz500,600737
2023-12-29,zz500,600739
2023-12-29,zz500,600755
2023-12-29,zz500,600764
2023-12-29,zz500,600765
2023-12-29,zz500,600801
2023-12-29,zz500,600808
2023-12-29,zz500,600820
2023-12-29,zz500,600827
2023-12-29,zz500,600839
2023-12-29,zz500,600848
2023-12-29,zz500,600859
2023-12-29,zz500,600862
2023-12-29,zz500,600863
2023-12-29,zz500,600867
2023-12-29,zz500,600871
2023-12-29,zz500,600873
2023-12-29,zz500,600879
2023-12-29,zz500,600884
2023-12-29,zz500,600885
2023-12-29,zz500,600895
2023-12-29,zz500,600901
2023-12-29,zz500,600906
2023-12-29,zz500,600909
2023-12-29,zz500,600925
2023-12-29,zz500,600927
2023-12-29,zz500,600928
2023-12-29,zz500,600956
2023-12-29,zz500,600959
2023-12-29,zz500,600967
2023-12-29,zz500,600968
2023-12-29,zz500,600970
2023-12-29,zz500,600977
2023-12-29,zz500,600985
2023-12-29,zz500,600988
2023-12-29,zz500,600995
2023-12-29,zz500,600998
2023-12-29,zz500,601000
2023-12-29,zz500,601016
2023-12-29,zz500,601058
2023-12-29,zz500,601061
2023-12-29,zz500,601077
2023-12-29,zz500,601098
2023-12-29,zz500,601106
2023-12-29,zz500,601108
2023-12-29,zz500,601118
2023-12-29,zz500,601128
2023-12-29,zz500,601139
2023-12-29,zz500,601156
2023-12-29,zz500,601158
2023-12-29,zz500,601162
2023-12-29,zz500,601168
2023-12-29,zz500,601179
2023-12-29,zz500,601187
2023-12-29,zz500,601198
2023-12-29,zz500,601216
2023-12-29,zz500,601228
2023-12-29,zz500,601231
2023-12-29,zz500,601233
2023-12-29,zz500,601298
2023-12-29,zz500,601456
2023-12-29,zz500,601555
2023-12-29,zz500,601568
2023-12-29,zz500,601577
2023-12-29,zz500,601598
2023-12-29,zz500,601608
2023-12-29,zz500,601611
2023-12-29,zz500,601636
2023-12-29,zz500,601665
2023-12-29,zz500,601666
2023-12-29,zz500,601696
2023-12-29,zz500,601717
2023-12-29,zz500,601778
2023-12-29,zz500,601828
2023-12-29,zz500,601866
2023-12-29,zz500,601880
2023-12-29,zz500,601928
2023-12-29,zz500,601933
2023-12-29,zz500,601958
2023-12-29,zz500,601966
2023-12-29,zz500,601990
2023-12-29,zz500,601991
2023-12-29,zz500,601992
2023-12-29,zz500,601997
2023-12-29,zz500,603000
2023-12-29,zz500,603026
2023-12-29,zz500,603056
2023-12-29,zz500,603077
2023-12-29,zz500,603127
2023-12-29,zz500,603156
2023-12-29,zz500,603160
2023-12-29,zz500,603185
2023-12-29,zz500,603218
2023-12-29,zz500,603225
2023-12-29,zz500,603228
2023-12-29,zz500,603233
2023-12-29,zz500,603267
2023-12-29,zz500,603305
2023-12-29,zz500,603317
2023-12-29,zz500,603338
2023-12-29,zz500,603355
2023-12-29,zz500,603379
2023-12-29,zz500,603444
2023-12-29,zz500,603456
2023-12-29,zz500,603517
2023-12-29,zz500,603529
2023-12-29,zz500,603568
2023-12-29,zz500,603589
2023-12-29,zz500,603596
2023-12-29,zz500,603606
2023-12-29,zz500,603650
2023-12-29,zz500,603658
2023-12-29,zz500,603688
2023-12-29,zz500,603707
2023-12-29,zz500,603712
2023-12-29,zz500,603737
2023-12-29,zz500,603786
2023-12-29,zz500,603816
2023-12-29,zz500,603826
2023-12-29,zz500,603858
2023-12-29,zz500,603866
2023-12-29,zz500,603868
2023-12-29,zz500,603882
2023-12-29,zz500,603883
2023-12-29,zz500,603885
2023-12-29,zz500,603893
2023-12-29,zz500,603927
2023-12-29,zz500,603939
2023-12-29,zz500,605358
2023-12-29,zz500,688002
2023-12-29,zz500,688005
2023-12-29,zz500,688006
2023-12-29,zz500,688029
2023-12-29,zz500,688032
2023-12-29,zz500,688052
2023-12-29,zz500,688063
2023-12-29,zz500,688072
2023-12-29,zz500,688082
2023-12-29,zz500,688099
2023-12-29,zz500,688105
2023-12-29,zz500,688107
2023-12-29,zz500,688114
2023-12-29,zz500,688120
2023-12-29,zz500,688122
2023-12-29,zz500,688153
2023-12-29,zz500,688169
2023-12-29,zz500,688180
2023-12-29,zz500,688188
2023-12-29,zz500,688200
2023-12-29,zz500,688208
2023-12-29,zz500,688220
2023-12-29,zz500,688234
2023-12-29,zz500,688248
2023-12-29,zz500,688276
2023-12-29,zz500,688281
2023-12-29,zz500,688295
2023-12-29,zz500,688297
2023-12-29,zz500,688301
2023-12-29,zz500,688331
2023-12-29,zz500,688348
2023-12-29,zz500,688349
2023-12-29,zz500,688375
2023-12-29,zz500,688385
2023-12-29,zz500,688387
2023-12-29,zz500,688390
2023-12-29,zz500,688425
2023-12-29,zz500,688516
2023-12-29,zz500,688520
2023-12-29,zz500,688521
2023-12-29,zz500,688536
2023-12-29,zz500,688538
2023-12-29,zz500,688567
2023-12-29,zz500,688690
2023-12-29,zz500,688728
2023-12-29,zz500,688772
2023-12-29,zz500,688778
2023-12-29,zz500,688779
2023-12-29,zz500,688819
2023-12-29,zz500,689009
2023-12-29,zz500,000009
2023-12-29,zz500,000021
2023-12-29,zz500,000027
2023-12-29,zz500,000031
2023-12-29,zz500,000039
2023-12-29,zz500,000050
2023-12-29,zz500,000060
2023-12-29,zz500,000066
2023-12-29,zz500,000089
2023-12-29,zz500,000155
2023-12-29,zz500,000156
2023-12-29,zz500,000400
2023-12-29,zz500,000401
2023-12-29,zz500,000402
2023-12-29,zz500,000423
2023-12-29,zz500,000513
2023-12-29,zz500,000519
2023-12-29,zz500,000537
2023-12-29,zz500,000539
2023-12-29,zz500,000547
2023-12-29,zz500,000553
2023-12-29,zz500,000559
2023-12-29,zz500,000563
2023-12-29,zz500,000581
2023-12-29,zz500,000591
2023-12-29,zz500,000598
2023-12-29,zz500,000623
2023-12-29,zz500,000629
2023-12-29,zz500,000630
2023-12-29,zz500,000636
2023-12-29,zz500,000683
2023-12-29,zz500,000703
2023-12-29,zz500,000709
2023-12-29,zz500,000723
2023-12-29,zz500,000728
2023-12-29,zz500,000729
2023-12-29,zz500,000738
2023-12-29,zz500,000739
2023-12-29,zz500,000750
2023-12-29,zz500,000778
2023-12-29,zz500,000783
2023-12-29,zz500,000785
2023-12-29,zz500,000825
2023-12-29,zz500,000830
2023-12-29,zz500,000831
2023-12-29,zz500,000878
2023-12-29,zz500,000883
2023-12-29,zz500,000887
2023-12-29,zz500,000893
2023-12-29,zz500,000898
2023-12-29,zz500,000930
2023-12-29,zz500,000932
2023-12-29,zz500,000933
2023-12-29,zz500,000937
2023-12-29,zz500,000958
2023-12-29,zz500,000959
2023-12-29,zz500,000960
2023-12-29,zz500,000967
2023-12-29,zz500,000970
2023-12-29,zz500,000975
2023-12-29,zz500,000987
2023-12-29,zz500,000988
2023-12-29,zz500,000997
2023-12-29,zz500,000998
2023-12-29,zz500,001203
2023-12-29,zz500,001227
2023-12-29,zz500,001286
2023-12-29,zz500,001872
2023-12-29,zz500,001914
2023-12-29,zz500,002008
2023-12-29,zz500,002010
2023-12-29,zz500,002019
2023-12-29,zz500,002025
2023-12-29,zz500,002028
2023-12-29,zz500,002030
2023-12-29,zz500,002032
2023-12-29,zz500,002044
2023-12-29,zz500,002056
2023-12-29,zz500,002064
2023-12-29,zz500,002065
2023-12-29,zz500,002078
2023-12-29,zz500,002080
2023-12-29,zz500,002092
2023-12-29,zz500,002120
2023-12-29,zz500,002128
2023-12-29,zz500,002131
2023-12-29,zz500,002138
2023-12-29,zz500,002152
2023-12-29,zz500,002153
2023-12-29,zz500,002155
2023-12-29,zz500,002156
2023-12-29,zz500,002185
2023-12-29,zz500,002192
2023-12-29,zz500,002195
2023-12-29,zz500,002203
2023-12-29,zz500,002223
2023-12-29,zz500,002240
2023-12-29,zz500,002244
2023-12-29,zz500,002262
2023-12-29,zz500,002266
2023-12-29,zz500,002268
2023-12-29,zz500,002273
2023-12-29,zz500,002281
2023-12-29,zz500,002294
2023-12-29,zz500,002299
2023-12-29,zz500,002326
2023-12-29,zz500,002340
2023-12-29,zz500,002353
2023-12-29,zz500,002368
2023-12-29,zz500,002372
2023-12-29,zz500,002373
2023-12-29,zz500,002384
2023-12-29,zz500,002385
2023-12-29,zz500,002399
2023-12-29,zz500,002407
2023-12-29,zz500,002408
2023-12-29,zz500,002409
2023-12-29,zz500,002414
2023-12-29,zz500,002422
2023-12-29,zz500,002423
2023-12-29,zz500,002429
2023-12-29,zz500,002430
2023-12-29,zz500,002432
2023-12-29,zz500,002439
2023-12-29,zz500,002444
2023-12-29,zz500,002463
2023-12-29,zz500,002465
2023-12-29,zz500,002468
2023-12-29,zz500,002472
2023-12-29,zz500,002487
2023-12-29,zz500,002497
2023-12-29,zz500,002500
2023-12-29,zz500,002505
2023-12-29,zz500,002506
2023-12-29,zz500,002507
2023-12-29,zz500,002508
2023-12-29,zz500,002511
2023-12-29,zz500,002517
2023-12-29,zz500,002518
2023-12-29,zz500,002531
2023-12-29,zz500,002532
2023-12-29,zz500,002557
2023-12-29,zz500,002558
2023-12-29,zz500,002563
2023-12-29,zz500,002568
2023-12-29,zz500,002572
2023-12-29,zz500,002595
2023-12-29,zz500,002600
2023-12-29,zz500,002607
2023-12-29,zz500,002608
2023-12-29,zz500,002624
2023-12-29,zz500,002625
2023-12-29,zz500,002653
2023-12-29,zz500,002670
2023-12-29,zz500,002673
2023-12-29,zz500,002683
2023-12-29,zz500,002690
2023-12-29,zz500,002738
2023-12-29,zz500,002739
2023-12-29,zz500,002756
2023-12-29,zz500,002761
2023-12-29,zz500,002791
2023-12-29,zz500,002797
2023-12-29,zz500,002831
2023-12-29,zz500,002850
2023-12-29,zz500,002865
2023-12-29,zz500,002867
2023-12-29,zz500,002925
2023-12-29,zz500,002926
2023-12-29,zz500,002936
2023-12-29,zz500,002939
2023-12-29,zz500,002945
2023-12-29,zz500,002958
2023-12-29,zz500,002966
2023-12-29,zz500,003022
2023-12-29,zz500,003031
2023-12-29,zz500,003035
2023-12-29,zz500,300001
2023-12-29,zz500,300003
2023-12-29,zz500,300009
2023-12-29,zz500,300012
2023-12-29,zz500,300017
2023-12-29,zz500,300024
2023-12-29,zz500,300026
2023-12-29,zz500,300037
2023-12-29,zz500,300058
2023-12-29,zz500,300070
2023-12-29,zz500,300073
2023-12-29,zz500,300088
2023-12-29,zz500,300114
2023-12-29,zz500,300118
2023-12-29,zz500,300136
2023-12-29,zz500,300144
2023-12-29,zz500,300146
2023-12-29,zz500,300207
2023-12-29,zz500,300212
2023-12-29,zz500,300244
2023-12-29,zz500,300251
2023-12-29,zz500,300253
2023-12-29,zz500,300257
2023-12-29,zz500,300285
2023-12-29,zz500,300296
2023-12-29,zz500,300357
2023-12-29,zz500,300363
2023-12-29,zz500,300373
2023-12-29,zz500,300383
2023-12-29,zz500,300390
2023-12-29,zz500,300394
2023-12-29,zz500,300395
2023-12-29,zz500,300418
2023-12-29,zz500,300438
2023-12-29,zz500,300474
2023-12-29,zz500,300487
2023-12-29,zz500,300502
2023-12-29,zz500,300529
2023-12-29,zz500,300558
2023-12-29,zz500,300568
2023-12-29,zz500,300595
2023-12-29,zz500,300601
2023-12-29,zz500,300604
2023-12-29,zz500,300676
2023-12-29,zz500,300677
2023-12-29,zz500,300682
2023-12-29,zz500,300699
2023-12-29,zz500,300724
2023-12-29,zz500,300748
2023-12-29,zz500,300776
2023-12-29,zz500,300850
2023-12-29,zz500,300861
2023-12-29,zz500,300866
2023-12-29,zz500,300888
2023-12-29,zz500,301029
2023-12-29,zz500,301236
2024-06-28,hs300,600000
2024-06-28,hs300,600009
2024-06-28,hs300,600010
2024-06-28,hs300,600011
2024-06-28,hs300,600015
2024-06-28,hs300,600016
2024-06-28,hs300,600018
2024-06-28,hs300,600019
2024-06-28,hs300,600023
2024-06-28,hs300,600025
2024-06-28,hs300,600026
2024-06-28,hs300,600027
2024-06-28,hs300,600028
2024-06-28,hs300,600029
2024-06-28,hs300,600030
2024-06-28,hs300,600031
2024-06-28,hs300,600036
2024-06-28,hs300,600039
2024-06-28,hs300,600048
2024-06-28,hs300,600050
2024-06-28,hs300,600061
2024-06-28,hs300,600085
2024-06-28,hs300,600089
2024-06-28,hs300,600104
2024-06-28,hs300,600111
2024-06-28,hs300,600115
2024-06-28,hs300,600132
2024-06-28,hs300,600150
2024-06-28,hs300,600161
2024-06-28,hs300,600176
2024-06-28,hs300,600183
2024-06-28,hs300,600188
2024-06-28,hs300,600196
2024-06-28,hs300,600219
2024-06-28,hs300,600233
2024-06-28,hs300,600276
2024-06-28,hs300,600309
2024-06-28,hs300,600332
2024-06-28,hs300,600346
2024-06-28,hs300,600362
2024-06-28,hs300,600372
2024-06-28,hs300,600406
2024-06-28,hs300,600415
2024-06-28,hs300,600426
2024-06-28,hs300,600436
2024-06-28,hs300,600438
2024-06-28,hs300,600460
2024-06-28,hs300,600489
2024-06-28,hs300,600515
2024-06-28,hs300,600519
2024-06-28,hs300,600547
2024-06-28,hs300,600570
2024-06-28,hs300,600584
2024-06-28,hs300,600585
2024-06-28,hs300,600588
2024-06-28,hs300,600600
2024-06-28,hs300,600660
2024-06-28,hs300,600674
2024-06-28,hs300,600690
2024-06-28,hs300,600732
2024-06-28,hs300,600741
2024-06-28,hs300,600745
2024-06-28,hs300,600760
2024-06-28,hs300,600795
2024-06-28,hs300,600803
2024-06-28,hs300,600809
2024-06-28,hs300,600837
2024-06-28,hs300,600845
2024-06-28,hs300,600875
2024-06-28,hs300,600886
2024-06-28,hs300,600887
2024-06-28,hs300,600893
2024-06-28,hs300,600900
2024-06-28,hs300,600905
2024-06-28,hs300,600918
2024-06-28,hs300,600919
2024-06-28,hs300,600926
2024-06-28,hs300,600938
2024-06-28,hs300,600941
2024-06-28,hs300,600958
2024-06-28,hs300,600989
2024-06-28,hs300,600999
2024-06-28,hs300,601006
2024-06-28,hs300,601009
2024-06-28,hs300,601012
2024-06-28,hs300,601021
2024-06-28,hs300,601059
2024-06-28,hs300,601066
2024-06-28,hs300,601088
2024-06-28,hs300,601100
2024-06-28,hs300,601111
2024-06-28,hs300,601117
2024-06-28,hs300,601138
2024-06-28,hs300,601166
2024-06-28,hs300,601169
2024-06-28,hs300,601186
2024-06-28,hs300,601211
2024-06-28,hs300,601225
2024-06-28,hs300,601229
2024-06-28,hs300,601236
2024-06-28,hs300,601238
2024-06-28,hs300,601288
2024-06-28,hs300,601318
2024-06-28,hs300,601319
2024-06-28,hs300,601328
2024-06-28,hs300,601336
2024-06-28,hs300,601360
2024-06-28,hs300,601377
2024-06-28,hs300,601390
2024-06-28,hs300,601398
2024-06-28,hs300,601600
2024-06-28,hs300,601601
2024-06-28,hs300,601607
2024-06-28,hs300,601618
2024-06-28,hs300,601628
2024-06-28,hs300,601633
2024-06-28,hs300,601658
2024-06-28,hs300,601668
2024-06-28,hs300,601669
2024-06-28,hs300,601688
2024-06-28,hs300,601689
2024-06-28,hs300,601698
2024-06-28,hs300,601699
2024-06-28,hs300,601728
2024-06-28,hs300,601766
2024-06-28,hs300,601788
2024-06-28,hs300,601799
2024-06-28,hs300,601800
2024-06-28,hs300,601808
2024-06-28,hs300,601816
2024-06-28,hs300,601818
2024-06-28,hs300,601838
2024-06-28,hs300,601857
2024-06-28,hs300,601865
2024-06-28,hs300,601868
2024-06-28,hs300,601872
2024-06-28,hs300,601877
2024-06-28,hs300,601878
2024-06-28,hs300,601881
2024-06-28,hs300,601888
2024-06-28,hs300,601898
2024-06-28,hs300,601899
2024-06-28,hs300,601901
2024-06-28,hs300,601916
2024-06-28,hs300,601919
2024-06-28,hs300,601939
2024-06-28,hs300,601985
2024-06-28,hs300,601988
2024-06-28,hs300,601989
2024-06-28,hs300,601995
2024-06-28,hs300,601998
2024-06-28,hs300,603019
2024-06-28,hs300,603195
2024-06-28,hs300,603259
2024-06-28,hs300,603260
2024-06-28,hs300,603288
2024-06-28,hs300,603296
2024-06-28,hs300,603369
2024-06-28,hs300,603392
2024-06-28,hs300,603501
2024-06-28,hs300,603659
2024-06-28,hs300,603799
2024-06-28,hs300,603806
2024-06-28,hs300,603833
2024-06-28,hs300,603899
2024-06-28,hs300,603986
2024-06-28,hs300,603993
2024-06-28,hs300,605117
2024-06-28,hs300,605499
2024-06-28,hs300,688008
2024-06-28,hs300,688009
2024-06-28,hs300,688012
2024-06-28,hs300,688036
2024-06-28,hs300,688041
2024-06-28,hs300,688082
2024-06-28,hs300,688111
2024-06-28,hs300,688126
2024-06-28,hs300,688187
2024-06-28,hs300,688223
2024-06-28,hs300,688256
2024-06-28,hs300,688271
2024-06-28,hs300,688303
2024-06-28,hs300,688363
2024-06-28,hs300,688396
2024-06-28,hs300,688599
2024-06-28,hs300,688981
2024-06-28,hs300,000001
2024-06-28,hs300,000002
2024-06-28,hs300,000063
2024-06-28,hs300,000100
2024-06-28,hs300,000157
2024-06-28,hs300,000166
2024-06-28,hs300,000301
2024-06-28,hs300,000333
2024-06-28,hs300,000338
2024-06-28,hs300,000408
2024-06-28,hs300,000425
2024-06-28,hs300,000538
2024-06-28,hs300,000568
2024-06-28,hs300,000596
2024-06-28,hs300,000617
2024-06-28,hs300,000625
2024-06-28,hs300,000651
2024-06-28,hs300,000661
2024-06-28,hs300,000708
2024-06-28,hs300,000725
2024-06-28,hs300,000733
2024-06-28,hs300,000768
2024-06-28,hs300,000776
2024-06-28,hs300,000786
2024-06-28,hs300,000792
2024-06-28,hs300,000800
2024-06-28,hs300,000807
2024-06-28,hs300,000858
2024-06-28,hs300,000876
2024-06-28,hs300,000895
2024-06-28,hs300,000938
2024-06-28,hs300,000963
2024-06-28,hs300,000977
2024-06-28,hs300,000983
2024-06-28,hs300,000999
2024-06-28,hs300,001289
2024-06-28,hs300,001965
2024-06-28,hs300,001979
2024-06-28,hs300,002001
2024-06-28,hs300,002007
2024-06-28,hs300,002027
2024-06-28,hs300,002049
2024-06-28,hs300,002050
2024-06-28,hs300,002074
2024-06-28,hs300,002129
2024-06-28,hs300,002142
2024-06-28,hs300,002179
2024-06-28,hs300,002180
2024-06-28,hs300,002230
2024-06-28,hs300,002236
2024-06-28,hs300,002241
2024-06-28,hs300,002252
2024-06-28,hs300,002271
2024-06-28,hs300,002304
2024-06-28,hs300,002311
2024-06-28,hs300,002352
2024-06-28,hs300,002371
2024-06-28,hs300,002410
2024-06-28,hs300,002415
2024-06-28,hs300,002459
2024-06-28,hs300,002460
2024-06-28,hs300,002466
2024-06-28,hs300,002475
2024-06-28,hs300,002493
2024-06-28,hs300,002555
2024-06-28,hs300,002594
2024-06-28,hs300,002601
2024-06-28,hs300,002603
2024-06-28,hs300,002648
2024-06-28,hs300,002709
2024-06-28,hs300,002714
2024-06-28,hs300,002736
2024-06-28,hs300,002812
2024-06-28,hs300,002821
2024-06-28,hs300,002841
2024-06-28,hs300,002916
2024-06-28,hs300,002920
2024-06-28,hs300,002938
2024-06-28,hs300,003816
2024-06-28,hs300,300014
2024-06-28,hs300,300015
2024-06-28,hs300,300033
2024-06-28,hs300,300059
2024-06-28,hs300,300122
2024-06-28,hs300,300124
2024-06-28,hs300,300142
2024-06-28,hs300,300223
2024-06-28,hs300,300274
2024-06-28,hs300,300308
2024-06-28,hs300,300316
2024-06-28,hs300,300347
2024-06-28,hs300,300408
2024-06-28,hs300,300413
2024-06-28,hs300,300418
2024-06-28,hs300,300433
2024-06-28,hs300,300442
2024-06-28,hs300,300450
2024-06-28,hs300,300454
2024-06-28,hs300,300496
2024-06-28,hs300,300498
2024-06-28,hs300,300628
2024-06-28,hs300,300661
2024-06-28,hs300,300750
2024-06-28,hs300,300751
2024-06-28,hs300,300759
2024-06-28,hs300,300760
2024-06-28,hs300,300782
2024-06-28,hs300,300832
2024-06-28,hs300,300896
2024-06-28,hs300,300919
2024-06-28,hs300,300957
2024-06-28,hs300,300979
2024-06-28,hs300,300999
2024-06-28,hs300,301269
2024-06-28,zz500,600004
2024-06-28,zz500,600008
2024-06-28,zz500,600021
2024-06-28,zz500,600022
2024-06-28,zz500,600032
2024-06-28,zz500,600038
2024-06-28,zz500,600056
2024-06-28,zz500,600060
2024-06-28,zz500,600062
2024-06-28,zz500,600066
2024-06-28,zz500,600079
2024-06-28,zz500,600095
2024-06-28,zz500,600096
2024-06-28,zz500,600098
2024-06-28,zz500,600109
2024-06-28,zz500,600118
2024-06-28,zz500,600126
2024-06-28,zz500,600129
2024-06-28,zz500,600131
2024-06-28,zz500,600141
2024-06-28,zz500,600143
2024-06-28,zz500,600153
2024-06-28,zz500,600155
2024-06-28,zz500,600157
2024-06-28,zz500,600166
2024-06-28,zz500,600170
2024-06-28,zz500,600177
2024-06-28,zz500,600208
2024-06-28,zz500,600258
2024-06-28,zz500,600271
2024-06-28,zz500,600282
2024-06-28,zz500,600298
2024-06-28,zz500,600299
2024-06-28,zz500,600315
2024-06-28,zz500,600316
2024-06-28,zz500,600325
2024-06-28,zz500,600329
2024-06-28,zz500,600339
2024-06-28,zz500,600348
2024-06-28,zz500,600350
2024-06-28,zz500,600352
2024-06-28,zz500,600361
2024-06-28,zz500,600369
2024-06-28,zz500,600373
2024-06-28,zz500,600377
2024-06-28,zz500,600378
2024-06-28,zz500,600380
2024-06-28,zz500,600390
2024-06-28,zz500,600392
2024-06-28,zz500,600398
2024-06-28,zz500,600399
2024-06-28,zz500,600416
2024-06-28,zz500,600418
2024-06-28,zz500,600435
2024-06-28,zz500,600481
2024-06-28,zz500,600483
2024-06-28,zz500,600486
2024-06-28,zz500,600497
2024-06-28,zz500,600498
2024-06-28,zz500,600499
2024-06-28,zz500,600500
2024-06-28,zz500,600511
2024-06-28,zz500,600516
2024-06-28,zz500,600517
2024-06-28,zz500,600521
2024-06-28,zz500,600528
2024-06-28,zz500,600529
2024-06-28,zz500,600535
2024-06-28,zz500,600536
2024-06-28,zz500,600546
2024-06-28,zz500,600549
2024-06-28,zz500,600563
2024-06-28,zz500,600566
2024-06-28,zz500,600578
2024-06-28,zz500,600580
2024-06-28,zz500,600582
2024-06-28,zz500,600583
2024-06-28,zz500,600598
2024-06-28,zz500,600612
2024-06-28,zz500,600637
2024-06-28,zz500,600642
2024-06-28,zz500,600655
2024-06-28,zz500,600663
2024-06-28,zz500,600673
2024-06-28,zz500,600699
2024-06-28,zz500,600704
2024-06-28,zz500,600707
2024-06-28,zz500,600737
2024-06-28,zz500,600739
2024-06-28,zz500,600754
2024-06-28,zz500,600755
2024-06-28,zz500,600763
2024-06-28,zz500,600764
2024-06-28,zz500,600765
2024-06-28,zz500,600801
2024-06-28,zz500,600808
2024-06-28,zz500,600816
2024-06-28,zz500,600820
2024-06-28,zz500,600827
2024-06-28,zz500,600839
2024-06-28,zz500,600848
2024-06-28,zz500,600859
2024-06-28,zz500,600862
2024-06-28,zz500,600863
2024-06-28,zz500,600867
2024-06-28,zz500,600871
2024-06-28,zz500,600872
2024-06-28,zz500,600873
2024-06-28,zz500,600879
2024-06-28,zz500,600884
2024-06-28,zz500,600885
2024-06-28,zz500,600895
2024-06-28,zz500,600901
2024-06-28,zz500,600906
2024-06-28,zz500,600909
2024-06-28,zz500,600925
2024-06-28,zz500,600927
2024-06-28,zz500,600928
2024-06-28,zz500,600956
2024-06-28,zz500,600959
2024-06-28,zz500,600967
2024-06-28,zz500,600968
2024-06-28,zz500,600970
2024-06-28,zz500,600977
2024-06-28,zz500,600985
2024-06-28,zz500,600988
2024-06-28,zz500,600995
2024-06-28,zz500,600998
2024-06-28,zz500,601000
2024-06-28,zz500,601016
2024-06-28,zz500,601019
2024-06-28,zz500,601058
2024-06-28,zz500,601077
2024-06-28,zz500,601098
2024-06-28,zz500,601106
2024-06-28,zz500,601108
2024-06-28,zz500,601118
2024-06-28,zz500,601128
2024-06-28,zz500,601139
2024-06-28,zz500,601155
2024-06-28,zz500,601156
2024-06-28,zz500,601158
2024-06-28,zz500,601162
2024-06-28,zz500,601168
2024-06-28,zz500,601179
2024-06-28,zz500,601198
2024-06-28,zz500,601212
2024-06-28,zz500,601216
2024-06-28,zz500,601228
2024-06-28,zz500,601231
2024-06-28,zz500,601233
2024-06-28,zz500,601298
2024-06-28,zz500,601399
2024-06-28,zz500,601456
2024-06-28,zz500,601555
2024-06-28,zz500,601567
2024-06-28,zz500,601568
2024-06-28,zz500,601577
2024-06-28,zz500,601598
2024-06-28,zz500,601608
2024-06-28,zz500,601611
2024-06-28,zz500,601615
2024-06-28,zz500,601636
2024-06-28,zz500,601665
2024-06-28,zz500,601666
2024-06-28,zz500,601696
2024-06-28,zz500,601717
2024-06-28,zz500,601828
2024-06-28,zz500,601858
2024-06-28,zz500,601866
2024-06-28,zz500,601880
2024-06-28,zz500,601928
2024-06-28,zz500,601933
2024-06-28,zz500,601958
2024-06-28,zz500,601965
2024-06-28,zz500,601966
2024-06-28,zz500,601990
2024-06-28,zz500,601991
2024-06-28,zz500,601992
2024-06-28,zz500,601997
2024-06-28,zz500,603000
2024-06-28,zz500,603056
2024-06-28,zz500,603077
2024-06-28,zz500,603087
2024-06-28,zz500,603127
2024-06-28,zz500,603156
2024-06-28,zz500,603160
2024-06-28,zz500,603179
2024-06-28,zz500,603185
2024-06-28,zz500,603218
2024-06-28,zz500,603225
2024-06-28,zz500,603228
2024-06-28,zz500,603233
2024-06-28,zz500,603290
2024-06-28,zz500,603298
2024-06-28,zz500,603305
2024-06-28,zz500,603317
2024-06-28,zz500,603338
2024-06-28,zz500,603345
2024-06-28,zz500,603379
2024-06-28,zz500,603444
2024-06-28,zz500,603456
2024-06-28,zz500,603486
2024-06-28,zz500,603517
2024-06-28,zz500,603529
2024-06-28,zz500,603568
2024-06-28,zz500,603589
2024-06-28,zz500,603596
2024-06-28,zz500,603606
2024-06-28,zz500,603650
2024-06-28,zz500,603658
2024-06-28,zz500,603688
2024-06-28,zz500,603707
2024-06-28,zz500,603712
2024-06-28,zz500,603728
2024-06-28,zz500,603737
2024-06-28,zz500,603786
2024-06-28,zz500,603816
2024-06-28,zz500,603826
2024-06-28,zz500,603858
2024-06-28,zz500,603868
2024-06-28,zz500,603882
2024-06-28,zz500,603883
2024-06-28,zz500,603885
2024-06-28,zz500,603893
2024-06-28,zz500,603927
2024-06-28,zz500,603939
2024-06-28,zz500,603979
2024-06-28,zz500,605358
2024-06-28,zz500,688002
2024-06-28,zz500,688005
2024-06-28,zz500,688006
2024-06-28,zz500,688017
2024-06-28,zz500,688029
2024-06-28,zz500,688032
2024-06-28,zz500,688052
2024-06-28,zz500,688063
2024-06-28,zz500,688065
2024-06-28,zz500,688099
2024-06-28,zz500,688107
2024-06-28,zz500,688114
2024-06-28,zz500,688120
2024-06-28,zz500,688122
2024-06-28,zz500,688153
2024-06-28,zz500,688169
2024-06-28,zz500,688172
2024-06-28,zz500,688180
2024-06-28,zz500,688188
2024-06-28,zz500,688200
2024-06-28,zz500,688213
2024-06-28,zz500,688220
2024-06-28,zz500,688234
2024-06-28,zz500,688248
2024-06-28,zz500,688276
2024-06-28,zz500,688281
2024-06-28,zz500,688295
2024-06-28,zz500,688297
2024-06-28,zz500,688301
2024-06-28,zz500,688331
2024-06-28,zz500,688348
2024-06-28,zz500,688349
2024-06-28,zz500,688375
2024-06-28,zz500,688385
2024-06-28,zz500,688387
2024-06-28,zz500,688390
2024-06-28,zz500,688425
2024-06-28,zz500,688475
2024-06-28,zz500,688516
2024-06-28,zz500,688520
2024-06-28,zz500,688521
2024-06-28,zz500,688525
2024-06-28,zz500,688536
2024-06-28,zz500,688538
2024-06-28,zz500,688561
2024-06-28,zz500,688567
2024-06-28,zz500,688617
2024-06-28,zz500,688772
2024-06-28,zz500,688777
2024-06-28,zz500,688778
2024-06-28,zz500,688779
2024-06-28,zz500,688819
2024-06-28,zz500,689009
2024-06-28,zz500,000009
2024-06-28,zz500,000021
2024-06-28,zz500,000027
2024-06-28,zz500,000031
2024-06-28,zz500,000032
2024-06-28,zz500,000039
2024-06-28,zz500,000050
2024-06-28,zz500,000060
2024-06-28,zz500,000066
2024-06-28,zz500,000155
2024-06-28,zz500,000156
2024-06-28,zz500,000400
2024-06-28,zz500,000401
2024-06-28,zz500,000423
2024-06-28,zz500,000513
2024-06-28,zz500,000519
2024-06-28,zz500,000537
2024-06-28,zz500,000539
2024-06-28,zz500,000559
2024-06-28,zz500,000563
2024-06-28,zz500,000591
2024-06-28,zz500,000598
2024-06-28,zz500,000623
2024-06-28,zz500,000629
2024-06-28,zz500,000630
2024-06-28,zz500,000636
2024-06-28,zz500,000683
2024-06-28,zz500,000703
2024-06-28,zz500,000709
2024-06-28,zz500,000723
2024-06-28,zz500,000728
2024-06-28,zz500,000729
2024-06-28,zz500,000738
2024-06-28,zz500,000739
2024-06-28,zz500,000750
2024-06-28,zz500,000778
2024-06-28,zz500,000783
2024-06-28,zz500,000785
2024-06-28,zz500,000818
2024-06-28,zz500,000825
2024-06-28,zz500,000830
2024-06-28,zz500,000831
2024-06-28,zz500,000878
2024-06-28,zz500,000883
2024-06-28,zz500,000887
2024-06-28,zz500,000893
2024-06-28,zz500,000898
2024-06-28,zz500,000921
2024-06-28,zz500,000932
2024-06-28,zz500,000933
2024-06-28,zz500,000937
2024-06-28,zz500,000958
2024-06-28,zz500,000959
2024-06-28,zz500,000960
2024-06-28,zz500,000967
2024-06-28,zz500,000987
2024-06-28,zz500,000988
2024-06-28,zz500,000997
2024-06-28,zz500,000998
2024-06-28,zz500,001203
2024-06-28,zz500,001227
2024-06-28,zz500,001286
2024-06-28,zz500,001872
2024-06-28,zz500,002008
2024-06-28,zz500,002019
2024-06-28,zz500,002025
2024-06-28,zz500,002028
2024-06-28,zz500,002044
2024-06-28,zz500,002056
2024-06-28,zz500,002064
2024-06-28,zz500,002065
2024-06-28,zz500,002078
2024-06-28,zz500,002080
2024-06-28,zz500,002120
2024-06-28,zz500,002128
2024-06-28,zz500,002138
2024-06-28,zz500,002152
2024-06-28,zz500,002153
2024-06-28,zz500,002155
2024-06-28,zz500,002156
2024-06-28,zz500,002185
2024-06-28,zz500,002195
2024-06-28,zz500,002202
2024-06-28,zz500,002203
2024-06-28,zz500,002223
2024-06-28,zz500,002240
2024-06-28,zz500,002244
2024-06-28,zz500,002261
2024-06-28,zz500,002262
2024-06-28,zz500,002266
2024-06-28,zz500,002268
2024-06-28,zz500,002273
2024-06-28,zz500,002281
2024-06-28,zz500,002294
2024-06-28,zz500,002299
2024-06-28,zz500,002340
2024-06-28,zz500,002353
2024-06-28,zz500,002368
2024-06-28,zz500,002372
2024-06-28,zz500,002373
2024-06-28,zz500,002384
2024-06-28,zz500,002385
2024-06-28,zz500,002407
2024-06-28,zz500,002408
2024-06-28,zz500,002409
2024-06-28,zz500,002414
2024-06-28,zz500,002423
2024-06-28,zz500,002429
2024-06-28,zz500,002430
2024-06-28,zz500,002432
2024-06-28,zz500,002436
2024-06-28,zz500,002439
2024-06-28,zz500,002444
2024-06-28,zz500,002465
2024-06-28,zz500,002472
2024-06-28,zz500,002487
2024-06-28,zz500,002497
2024-06-28,zz500,002500
2024-06-28,zz500,002506
2024-06-28,zz500,002507
2024-06-28,zz500,002508
2024-06-28,zz500,002517
2024-06-28,zz500,002518
2024-06-28,zz500,002531
2024-06-28,zz500,002532
2024-06-28,zz500,002557
2024-06-28,zz500,002558
2024-06-28,zz500,002563
2024-06-28,zz500,002568
2024-06-28,zz500,002572
2024-06-28,zz500,002595
2024-06-28,zz500,002607
2024-06-28,zz500,002608
2024-06-28,zz500,002624
2024-06-28,zz500,002625
2024-06-28,zz500,002653
2024-06-28,zz500,002670
2024-06-28,zz500,002673
2024-06-28,zz500,002683
2024-06-28,zz500,002690
2024-06-28,zz500,002738
2024-06-28,zz500,002739
2024-06-28,zz500,002756
2024-06-28,zz500,002791
2024-06-28,zz500,002797
2024-06-28,zz500,002831
2024-06-28,zz500,002850
2024-06-28,zz500,002865
2024-06-28,zz500,002867
2024-06-28,zz500,002926
2024-06-28,zz500,002936
2024-06-28,zz500,002939
2024-06-28,zz500,002945
2024-06-28,zz500,002958
2024-06-28,zz500,002966
2024-06-28,zz500,002984
2024-06-28,zz500,003022
2024-06-28,zz500,003031
2024-06-28,zz500,003035
2024-06-28,zz500,300001
2024-06-28,zz500,300002
2024-06-28,zz500,300003
2024-06-28,zz500,300009
2024-06-28,zz500,300012
2024-06-28,zz500,300017
2024-06-28,zz500,300024
2024-06-28,zz500,300037
2024-06-28,zz500,300054
2024-06-28,zz500,300058
2024-06-28,zz500,300070
2024-06-28,zz500,300073
2024-06-28,zz500,300088
2024-06-28,zz500,300114
2024-06-28,zz500,300118
2024-06-28,zz500,300136
2024-06-28,zz500,300144
2024-06-28,zz500,300146
2024-06-28,zz500,300207
2024-06-28,zz500,300212
2024-06-28,zz500,300251
2024-06-28,zz500,300253
2024-06-28,zz500,300285
2024-06-28,zz500,300296
2024-06-28,zz500,300357
2024-06-28,zz500,300373
2024-06-28,zz500,300383
2024-06-28,zz500,300390
2024-06-28,zz500,300394
2024-06-28,zz500,300395
2024-06-28,zz500,300438
2024-06-28,zz500,300474
2024-06-28,zz500,300487
2024-06-28,zz500,300502
2024-06-28,zz500,300529
2024-06-28,zz500,300558
2024-06-28,zz500,300567
2024-06-28,zz500,300568
2024-06-28,zz500,300595
2024-06-28,zz500,300601
2024-06-28,zz500,300604
2024-06-28,zz500,300676
2024-06-28,zz500,300677
2024-06-28,zz500,300682
2024-06-28,zz500,300699
2024-06-28,zz500,300724
2024-06-28,zz500,300748
2024-06-28,zz500,300763
2024-06-28,zz500,300765
2024-06-28,zz500,300776
2024-06-28,zz500,300803
2024-06-28,zz500,300861
2024-06-28,zz500,300866
2024-06-28,zz500,300888
2024-06-28,zz500,301029
2024-06-28,zz500,301165
2024-06-28,zz500,301236
2024-06-28,zz500,301267
2024-06-28,zz500,301358
2024-12-31,hs300,600000
2024-12-31,hs300,600009
2024-12-31,hs300,600010
2024-12-31,hs300,600011
2024-12-31,hs300,600015
2024-12-31,hs300,600016
2024-12-31,hs300,600018
2024-12-31,hs300,600019
2024-12-31,hs300,600023
2024-12-31,hs300,600025
2024-12-31,hs300,600026
2024-12-31,hs300,600027
2024-12-31,hs300,600028
2024-12-31,hs300,600029
2024-12-31,hs300,600030
2024-12-31,hs300,600031
2024-12-31,hs300,600036
2024-12-31,hs300,600039
2024-12-31,hs300,600048
2024-12-31,hs300,600050
2024-12-31,hs300,600061
2024-12-31,hs300,600066
2024-12-31,hs300,600085
2024-12-31,hs300,600089
2024-12-31,hs300,600104
2024-12-31,hs300,600111
2024-12-31,hs300,600115
2024-12-31,hs300,600150
2024-12-31,hs300,600160
2024-12-31,hs300,600161
2024-12-31,hs300,600176
2024-12-31,hs300,600183
2024-12-31,hs300,600188
2024-12-31,hs300,600196
2024-12-31,hs300,600219
2024-12-31,hs300,600233
2024-12-31,hs300,600276
2024-12-31,hs300,600309
2024-12-31,hs300,600332
2024-12-31,hs300,600346
2024-12-31,hs300,600362
2024-12-31,hs300,600372
2024-12-31,hs300,600377
2024-12-31,hs300,600406
2024-12-31,hs300,600415
2024-12-31,hs300,600426
2024-12-31,hs300,600436
2024-12-31,hs300,600438
2024-12-31,hs300,600460
2024-12-31,hs300,600482
2024-12-31,hs300,600489
2024-12-31,hs300,600515
2024-12-31,hs300,600519
2024-12-31,hs300,600547
2024-12-31,hs300,600570
2024-12-31,hs300,600584
2024-12-31,hs300,600585
2024-12-31,hs300,600588
2024-12-31,hs300,600600
2024-12-31,hs300,600660
2024-12-31,hs300,600674
2024-12-31,hs300,600690
2024-12-31,hs300,600741
2024-12-31,hs300,600745
2024-12-31,hs300,600760
2024-12-31,hs300,600795
2024-12-31,hs300,600803
2024-12-31,hs300,600809
2024-12-31,hs300,600837
2024-12-31,hs300,600845
2024-12-31,hs300,600875
2024-12-31,hs300,600886
2024-12-31,hs300,600887
2024-12-31,hs300,600893
2024-12-31,hs300,600900
2024-12-31,hs300,600905
2024-12-31,hs300,600918
2024-12-31,hs300,600919
2024-12-31,hs300,600926
2024-12-31,hs300,600938
2024-12-31,hs300,600941
2024-12-31,hs300,600958
2024-12-31,hs300,600989
2024-12-31,hs300,600999
2024-12-31,hs300,601006
2024-12-31,hs300,601009
2024-12-31,hs300,601012
2024-12-31,hs300,601021
2024-12-31,hs300,601059
2024-12-31,hs300,601066
2024-12-31,hs300,601088
2024-12-31,hs300,601100
2024-12-31,hs300,601111
2024-12-31,hs300,601117
2024-12-31,hs300,601127
2024-12-31,hs300,601136
2024-12-31,hs300,601138
2024-12-31,hs300,601166
2024-12-31,hs300,601169
2024-12-31,hs300,601186
2024-12-31,hs300,601211
2024-12-31,hs300,601225
2024-12-31,hs300,601229
2024-12-31,hs300,601236
2024-12-31,hs300,601238
2024-12-31,hs300,601288
2024-12-31,hs300,601318
2024-12-31,hs300,601319
2024-12-31,hs300,601328
2024-12-31,hs300,601336
2024-12-31,hs300,601360
2024-12-31,hs300,601377
2024-12-31,hs300,601390
2024-12-31,hs300,601398
2024-12-31,hs300,601600
2024-12-31,hs300,601601
2024-12-31,hs300,601607
2024-12-31,hs300,601618
2024-12-31,hs300,601628
2024-12-31,hs300,601633
2024-12-31,hs300,601658
2024-12-31,hs300,601668
2024-12-31,hs300,601669
2024-12-31,hs300,601688
2024-12-31,hs300,601689
2024-12-31,hs300,601698
2024-12-31,hs300,601699
2024-12-31,hs300,601728
2024-12-31,hs300,601766
2024-12-31,hs300,601788
2024-12-31,hs300,601799
2024-12-31,hs300,601800
2024-12-31,hs300,601808
2024-12-31,hs300,601816
2024-12-31,hs300,601818
2024-12-31,hs300,601838
2024-12-31,hs300,601857
2024-12-31,hs300,601865
2024-12-31,hs300,601868
2024-12-31,hs300,601872
2024-12-31,hs300,601877
2024-12-31,hs300,601878
2024-12-31,hs300,601881
2024-12-31,hs300,601888
2024-12-31,hs300,601898
2024-12-31,hs300,601899
2024-12-31,hs300,601901
2024-12-31,hs300,601916
2024-12-31,hs300,601919
2024-12-31,hs300,601939
2024-12-31,hs300,601985
2024-12-31,hs300,601988
2024-12-31,hs300,601989
2024-12-31,hs300,601995
2024-12-31,hs300,601998
2024-12-31,hs300,603019
2024-12-31,hs300,603195
2024-12-31,hs300,603259
2024-12-31,hs300,603260
2024-12-31,hs300,603288
2024-12-31,hs300,603296
2024-12-31,hs300,603369
2024-12-31,hs300,603392
2024-12-31,hs300,603501
2024-12-31,hs300,603659
2024-12-31,hs300,603799
2024-12-31,hs300,603806
2024-12-31,hs300,603833
2024-12-31,hs300,603986
2024-12-31,hs300,603993
2024-12-31,hs300,605117
2024-12-31,hs300,605499
2024-12-31,hs300,688008
2024-12-31,hs300,688009
2024-12-31,hs300,688012
2024-12-31,hs300,688036
2024-12-31,hs300,688041
2024-12-31,hs300,688082
2024-12-31,hs300,688111
2024-12-31,hs300,688126
2024-12-31,hs300,688169
2024-12-31,hs300,688187
2024-12-31,hs300,688223
2024-12-31,hs300,688256
2024-12-31,hs300,688271
2024-12-31,hs300,688303
2024-12-31,hs300,688396
2024-12-31,hs300,688472
2024-12-31,hs300,688506
2024-12-31,hs300,688599
2024-12-31,hs300,688981
2024-12-31,hs300,000001
2024-12-31,hs300,000002
2024-12-31,hs300,000063
2024-12-31,hs300,000100
2024-12-31,hs300,000157
2024-12-31,hs300,000166
2024-12-31,hs300,000301
2024-12-31,hs300,000333
2024-12-31,hs300,000338
2024-12-31,hs300,000408
2024-12-31,hs300,000425
2024-12-31,hs300,000538
2024-12-31,hs300,000568
2024-12-31,hs300,000596
2024-12-31,hs300,000617
2024-12-31,hs300,000625
2024-12-31,hs300,000630
2024-12-31,hs300,000651
2024-12-31,hs300,000661
2024-12-31,hs300,000708
2024-12-31,hs300,000725
2024-12-31,hs300,000768
2024-12-31,hs300,000776
2024-12-31,hs300,000786
2024-12-31,hs300,000792
2024-12-31,hs300,000800
2024-12-31,hs300,000807
2024-12-31,hs300,000858
2024-12-31,hs300,000876
2024-12-31,hs300,000895
2024-12-31,hs300,000938
2024-12-31,hs300,000963
2024-12-31,hs300,000975
2024-12-31,hs300,000977
2024-12-31,hs300,000983
2024-12-31,hs300,000999
2024-12-31,hs300,001289
2024-12-31,hs300,001965
2024-12-31,hs300,001979
2024-12-31,hs300,002001
2024-12-31,hs300,002007
2024-12-31,hs300,002027
2024-12-31,hs300,002028
2024-12-31,hs300,002049
2024-12-31,hs300,002050
2024-12-31,hs300,002074
2024-12-31,hs300,002129
2024-12-31,hs300,002142
2024-12-31,hs300,002179
2024-12-31,hs300,002180
2024-12-31,hs300,002230
2024-12-31,hs300,002236
2024-12-31,hs300,002241
2024-12-31,hs300,002252
2024-12-31,hs300,002271
2024-12-31,hs300,002304
2024-12-31,hs300,002311
2024-12-31,hs300,002352
2024-12-31,hs300,002371
2024-12-31,hs300,002415
2024-12-31,hs300,002422
2024-12-31,hs300,002459
2024-12-31,hs300,002460
2024-12-31,hs300,002463
2024-12-31,hs300,002466
2024-12-31,hs300,002475
2024-12-31,hs300,002493
2024-12-31,hs300,002555
2024-12-31,hs300,002594
2024-12-31,hs300,002601
2024-12-31,hs300,002648
2024-12-31,hs300,002709
2024-12-31,hs300,002714
2024-12-31,hs300,002736
2024-12-31,hs300,002812
2024-12-31,hs300,002916
2024-12-31,hs300,002920
2024-12-31,hs300,002938
2024-12-31,hs300,003816
2024-12-31,hs300,300014
2024-12-31,hs300,300015
2024-12-31,hs300,300033
2024-12-31,hs300,300059
2024-12-31,hs300,300122
2024-12-31,hs300,300124
2024-12-31,hs300,300274
2024-12-31,hs300,300308
2024-12-31,hs300,300316
2024-12-31,hs300,300347
2024-12-31,hs300,300394
2024-12-31,hs300,300408
2024-12-31,hs300,300413
2024-12-31,hs300,300418
2024-12-31,hs300,300433
2024-12-31,hs300,300442
2024-12-31,hs300,300450
2024-12-31,hs300,300498
2024-12-31,hs300,300502
2024-12-31,hs300,300628
2024-12-31,hs300,300661
2024-12-31,hs300,300750
2024-12-31,hs300,300759
2024-12-31,hs300,300760
2024-12-31,hs300,300782
2024-12-31,hs300,300832
2024-12-31,hs300,300896
2024-12-31,hs300,300979
2024-12-31,hs300,300999
2024-12-31,hs300,301269
2024-12-31,zz500,600004
2024-12-31,zz500,600007
2024-12-31,zz500,600008
2024-12-31,zz500,600021
2024-12-31,zz500,600032
2024-12-31,zz500,600038
2024-12-31,zz500,600056
2024-12-31,zz500,600060
2024-12-31,zz500,600062
2024-12-31,zz500,600079
2024-12-31,zz500,600095
2024-12-31,zz500,600096
2024-12-31,zz500,600098
2024-12-31,zz500,600109
2024-12-31,zz500,600118
2024-12-31,zz500,600126
2024-12-31,zz500,600129
2024-12-31,zz500,600131
2024-12-31,zz500,600132
2024-12-31,zz500,600141
2024-12-31,zz500,600143
2024-12-31,zz500,600153
2024-12-31,zz500,600155
2024-12-31,zz500,600157
2024-12-31,zz500,600166
2024-12-31,zz500,600170
2024-12-31,zz500,600177
2024-12-31,zz500,600208
2024-12-31,zz500,600258
2024-12-31,zz500,600271
2024-12-31,zz500,600282
2024-12-31,zz500,600295
2024-12-31,zz500,600298
2024-12-31,zz500,600299
2024-12-31,zz500,600312
2024-12-31,zz500,600316
2024-12-31,zz500,600325
2024-12-31,zz500,600329
2024-12-31,zz500,600339
2024-12-31,zz500,600348
2024-12-31,zz500,600350
2024-12-31,zz500,600352
2024-12-31,zz500,600361
2024-12-31,zz500,600369
2024-12-31,zz500,600373
2024-12-31,zz500,600378
2024-12-31,zz500,600380
2024-12-31,zz500,600390
2024-12-31,zz500,600392
2024-12-31,zz500,600398
2024-12-31,zz500,600416
2024-12-31,zz500,600418
2024-12-31,zz500,600435
2024-12-31,zz500,600483
2024-12-31,zz500,600486
2024-12-31,zz500,600487
2024-12-31,zz500,600497
2024-12-31,zz500,600498
2024-12-31,zz500,600499
2024-12-31,zz500,600500
2024-12-31,zz500,600511
2024-12-31,zz500,600516
2024-12-31,zz500,600517
2024-12-31,zz500,600521
2024-12-31,zz500,600528
2024-12-31,zz500,600529
2024-12-31,zz500,600535
2024-12-31,zz500,600536
2024-12-31,zz500,600546
2024-12-31,zz500,600549
2024-12-31,zz500,600563
2024-12-31,zz500,600566
2024-12-31,zz500,600578
2024-12-31,zz500,600580
2024-12-31,zz500,600582
2024-12-31,zz500,600583
2024-12-31,zz500,600598
2024-12-31,zz500,600606
2024-12-31,zz500,600612
2024-12-31,zz500,600637
2024-12-31,zz500,600642
2024-12-31,zz500,600655
2024-12-31,zz500,600663
2024-12-31,zz500,600673
2024-12-31,zz500,600685
2024-12-31,zz500,600688
2024-12-31,zz500,600699
2024-12-31,zz500,600704
2024-12-31,zz500,600707
2024-12-31,zz500,600720
2024-12-31,zz500,600737
2024-12-31,zz500,600739
2024-12-31,zz500,600754
2024-12-31,zz500,600755
2024-12-31,zz500,600763
2024-12-31,zz500,600764
2024-12-31,zz500,600765
2024-12-31,zz500,600801
2024-12-31,zz500,600808
2024-12-31,zz500,600816
2024-12-31,zz500,600820
2024-12-31,zz500,600839
2024-12-31,zz500,600848
2024-12-31,zz500,600859
2024-12-31,zz500,600862
2024-12-31,zz500,600863
2024-12-31,zz500,600867
2024-12-31,zz500,600871
2024-12-31,zz500,600872
2024-12-31,zz500,600873
2024-12-31,zz500,600879
2024-12-31,zz500,600884
2024-12-31,zz500,600885
2024-12-31,zz500,600895
2024-12-31,zz500,600901
2024-12-31,zz500,600906
2024-12-31,zz500,600909
2024-12-31,zz500,600925
2024-12-31,zz500,600927
2024-12-31,zz500,600928
2024-12-31,zz500,600956
2024-12-31,zz500,600959
2024-12-31,zz500,600968
2024-12-31,zz500,600970
2024-12-31,zz500,600977
2024-12-31,zz500,600988
2024-12-31,zz500,600995
2024-12-31,zz500,600998
2024-12-31,zz500,601000
2024-12-31,zz500,601001
2024-12-31,zz500,601016
2024-12-31,zz500,601019
2024-12-31,zz500,601061
2024-12-31,zz500,601098
2024-12-31,zz500,601099
2024-12-31,zz500,601106
2024-12-31,zz500,601108
2024-12-31,zz500,601118
2024-12-31,zz500,601128
2024-12-31,zz500,601139
2024-12-31,zz500,601155
2024-12-31,zz500,601156
2024-12-31,zz500,601158
2024-12-31,zz500,601162
2024-12-31,zz500,601168
2024-12-31,zz500,601179
2024-12-31,zz500,601198
2024-12-31,zz500,601212
2024-12-31,zz500,601216
2024-12-31,zz500,601228
2024-12-31,zz500,601231
2024-12-31,zz500,601233
2024-12-31,zz500,601399
2024-12-31,zz500,601456
2024-12-31,zz500,601555
2024-12-31,zz500,601567
2024-12-31,zz500,601568
2024-12-31,zz500,601577
2024-12-31,zz500,601598
2024-12-31,zz500,601608
2024-12-31,zz500,601611
2024-12-31,zz500,601615
2024-12-31,zz500,601636
2024-12-31,zz500,601665
2024-12-31,zz500,601666
2024-12-31,zz500,601696
2024-12-31,zz500,601717
2024-12-31,zz500,601858
2024-12-31,zz500,601866
2024-12-31,zz500,601880
2024-12-31,zz500,601918
2024-12-31,zz500,601928
2024-12-31,zz500,601933
2024-12-31,zz500,601958
2024-12-31,zz500,601965
2024-12-31,zz500,601966
2024-12-31,zz500,601990
2024-12-31,zz500,601991
2024-12-31,zz500,601992
2024-12-31,zz500,601997
2024-12-31,zz500,603000
2024-12-31,zz500,603056
2024-12-31,zz500,603077
2024-12-31,zz500,603087
2024-12-31,zz500,603129
2024-12-31,zz500,603156
2024-12-31,zz500,603160
2024-12-31,zz500,603179
2024-12-31,zz500,603185
2024-12-31,zz500,603225
2024-12-31,zz500,603228
2024-12-31,zz500,603233
2024-12-31,zz500,603290
2024-12-31,zz500,603298
2024-12-31,zz500,603338
2024-12-31,zz500,603341
2024-12-31,zz500,603345
2024-12-31,zz500,603379
2024-12-31,zz500,603444
2024-12-31,zz500,603456
2024-12-31,zz500,603486
2024-12-31,zz500,603529
2024-12-31,zz500,603556
2024-12-31,zz500,603568
2024-12-31,zz500,603589
2024-12-31,zz500,603596
2024-12-31,zz500,603605
2024-12-31,zz500,603606
2024-12-31,zz500,603650
2024-12-31,zz500,603658
2024-12-31,zz500,603688
2024-12-31,zz500,603707
2024-12-31,zz500,603712
2024-12-31,zz500,603728
2024-12-31,zz500,603737
2024-12-31,zz500,603786
2024-12-31,zz500,603816
2024-12-31,zz500,603826
2024-12-31,zz500,603858
2024-12-31,zz500,603868
2024-12-31,zz500,603882
2024-12-31,zz500,603883
2024-12-31,zz500,603885
2024-12-31,zz500,603893
2024-12-31,zz500,603899
2024-12-31,zz500,603927
2024-12-31,zz500,603939
2024-12-31,zz500,603979
2024-12-31,zz500,605358
2024-12-31,zz500,688002
2024-12-31,zz500,688005
2024-12-31,zz500,688017
2024-12-31,zz500,688032
2024-12-31,zz500,688047
2024-12-31,zz500,688052
2024-12-31,zz500,688065
2024-12-31,zz500,688072
2024-12-31,zz500,688099
2024-12-31,zz500,688114
2024-12-31,zz500,688120
2024-12-31,zz500,688122
2024-12-31,zz500,688153
2024-12-31,zz500,688172
2024-12-31,zz500,688180
2024-12-31,zz500,688188
2024-12-31,zz500,688213
2024-12-31,zz500,688220
2024-12-31,zz500,688234
2024-12-31,zz500,688248
2024-12-31,zz500,688249
2024-12-31,zz500,688276
2024-12-31,zz500,688278
2024-12-31,zz500,688281
2024-12-31,zz500,688295
2024-12-31,zz500,688297
2024-12-31,zz500,688301
2024-12-31,zz500,688331
2024-12-31,zz500,688349
2024-12-31,zz500,688361
2024-12-31,zz500,688363
2024-12-31,zz500,688375
2024-12-31,zz500,688385
2024-12-31,zz500,688387
2024-12-31,zz500,688390
2024-12-31,zz500,688425
2024-12-31,zz500,688469
2024-12-31,zz500,688475
2024-12-31,zz500,688516
2024-12-31,zz500,688520
2024-12-31,zz500,688521
2024-12-31,zz500,688525
2024-12-31,zz500,688536
2024-12-31,zz500,688538
2024-12-31,zz500,688561
2024-12-31,zz500,688563
2024-12-31,zz500,688567
2024-12-31,zz500,688578
2024-12-31,zz500,688617
2024-12-31,zz500,688772
2024-12-31,zz500,688777
2024-12-31,zz500,688778
2024-12-31,zz500,688819
2024-12-31,zz500,689009
2024-12-31,zz500,000009
2024-12-31,zz500,000021
2024-12-31,zz500,000027
2024-12-31,zz500,000032
2024-12-31,zz500,000034
2024-12-31,zz500,000039
2024-12-31,zz500,000050
2024-12-31,zz500,000060
2024-12-31,zz500,000066
2024-12-31,zz500,000155
2024-12-31,zz500,000400
2024-12-31,zz500,000401
2024-12-31,zz500,000403
2024-12-31,zz500,000423
2024-12-31,zz500,000426
2024-12-31,zz500,000513
2024-12-31,zz500,000519
2024-12-31,zz500,000537
2024-12-31,zz500,000539
2024-12-31,zz500,000559
2024-12-31,zz500,000563
2024-12-31,zz500,000591
2024-12-31,zz500,000598
2024-12-31,zz500,000623
2024-12-31,zz500,000629
2024-12-31,zz500,000636
2024-12-31,zz500,000683
2024-12-31,zz500,000703
2024-12-31,zz500,000709
2024-12-31,zz500,000723
2024-12-31,zz500,000728
2024-12-31,zz500,000729
2024-12-31,zz500,000733
2024-12-31,zz500,000738
2024-12-31,zz500,000739
2024-12-31,zz500,000750
2024-12-31,zz500,000778
2024-12-31,zz500,000783
2024-12-31,zz500,000785
2024-12-31,zz500,000818
2024-12-31,zz500,000825
2024-12-31,zz500,000830
2024-12-31,zz500,000831
2024-12-31,zz500,000878
2024-12-31,zz500,000883
2024-12-31,zz500,000887
2024-12-31,zz500,000893
2024-12-31,zz500,000898
2024-12-31,zz500,000921
2024-12-31,zz500,000932
2024-12-31,zz500,000937
2024-12-31,zz500,000958
2024-12-31,zz500,000959
2024-12-31,zz500,000960
2024-12-31,zz500,000967
2024-12-31,zz500,000987
2024-12-31,zz500,000988
2024-12-31,zz500,000997
2024-12-31,zz500,000998
2024-12-31,zz500,001203
2024-12-31,zz500,001227
2024-12-31,zz500,001286
2024-12-31,zz500,002008
2024-12-31,zz500,002019
2024-12-31,zz500,002025
2024-12-31,zz500,002044
2024-12-31,zz500,002056
2024-12-31,zz500,002064
2024-12-31,zz500,002065
2024-12-31,zz500,002078
2024-12-31,zz500,002080
2024-12-31,zz500,002085
2024-12-31,zz500,002120
2024-12-31,zz500,002128
2024-12-31,zz500,002138
2024-12-31,zz500,002152
2024-12-31,zz500,002153
2024-12-31,zz500,002155
2024-12-31,zz500,002156
2024-12-31,zz500,002185
2024-12-31,zz500,002195
2024-12-31,zz500,002202
2024-12-31,zz500,002203
2024-12-31,zz500,002223
2024-12-31,zz500,002240
2024-12-31,zz500,002244
2024-12-31,zz500,002261
2024-12-31,zz500,002262
2024-12-31,zz500,002266
2024-12-31,zz500,002268
2024-12-31,zz500,002273
2024-12-31,zz500,002281
2024-12-31,zz500,002294
2024-12-31,zz500,002299
2024-12-31,zz500,002318
2024-12-31,zz500,002340
2024-12-31,zz500,002353
2024-12-31,zz500,002368
2024-12-31,zz500,002372
2024-12-31,zz500,002373
2024-12-31,zz500,002384
2024-12-31,zz500,002385
2024-12-31,zz500,002407
2024-12-31,zz500,002408
2024-12-31,zz500,002409
2024-12-31,zz500,002410
2024-12-31,zz500,002414
2024-12-31,zz500,002423
2024-12-31,zz500,002429
2024-12-31,zz500,002430
2024-12-31,zz500,002432
2024-12-31,zz500,002436
2024-12-31,zz500,002439
2024-12-31,zz500,002444
2024-12-31,zz500,002465
2024-12-31,zz500,002472
2024-12-31,zz500,002487
2024-12-31,zz500,002500
2024-12-31,zz500,002507
2024-12-31,zz500,002508
2024-12-31,zz500,002517
2024-12-31,zz500,002531
2024-12-31,zz500,002532
2024-12-31,zz500,002557
2024-12-31,zz500,002558
2024-12-31,zz500,002563
2024-12-31,zz500,002568
2024-12-31,zz500,002572
2024-12-31,zz500,002595
2024-12-31,zz500,002603
2024-12-31,zz500,002607
2024-12-31,zz500,002608
2024-12-31,zz500,002624
2024-12-31,zz500,002625
2024-12-31,zz500,002653
2024-12-31,zz500,002670
2024-12-31,zz500,002673
2024-12-31,zz500,002683
2024-12-31,zz500,002690
2024-12-31,zz500,002738
2024-12-31,zz500,002739
2024-12-31,zz500,002756
2024-12-31,zz500,002797
2024-12-31,zz500,002821
2024-12-31,zz500,002831
2024-12-31,zz500,002841
2024-12-31,zz500,002850
2024-12-31,zz500,002867
2024-12-31,zz500,002926
2024-12-31,zz500,002939
2024-12-31,zz500,002945
2024-12-31,zz500,002958
2024-12-31,zz500,002966
2024-12-31,zz500,002984
2024-12-31,zz500,003022
2024-12-31,zz500,003031
2024-12-31,zz500,003035
2024-12-31,zz500,300001
2024-12-31,zz500,300002
2024-12-31,zz500,300003
2024-12-31,zz500,300009
2024-12-31,zz500,300012
2024-12-31,zz500,300017
2024-12-31,zz500,300024
2024-12-31,zz500,300037
2024-12-31,zz500,300054
2024-12-31,zz500,300058
2024-12-31,zz500,300070
2024-12-31,zz500,300073
2024-12-31,zz500,300114
2024-12-31,zz500,300118
2024-12-31,zz500,300136
2024-12-31,zz500,300140
2024-12-31,zz500,300142
2024-12-31,zz500,300144
2024-12-31,zz500,300146
2024-12-31,zz500,300207
2024-12-31,zz500,300212
2024-12-31,zz500,300223
2024-12-31,zz500,300251
2024-12-31,zz500,300285
2024-12-31,zz500,300339
2024-12-31,zz500,300373
2024-12-31,zz500,300383
2024-12-31,zz500,300390
2024-12-31,zz500,300395
2024-12-31,zz500,300474
2024-12-31,zz500,300476
2024-12-31,zz500,300487
2024-12-31,zz500,300496
2024-12-31,zz500,300529
2024-12-31,zz500,300558
2024-12-31,zz500,300567
2024-12-31,zz500,300573
2024-12-31,zz500,300595
2024-12-31,zz500,300601
2024-12-31,zz500,300604
2024-12-31,zz500,300676
2024-12-31,zz500,300677
2024-12-31,zz500,300699
2024-12-31,zz500,300724
2024-12-31,zz500,300748
2024-12-31,zz500,300751
2024-12-31,zz500,300763
2024-12-31,zz500,300765
2024-12-31,zz500,300803
2024-12-31,zz500,300866
2024-12-31,zz500,300888
2024-12-31,zz500,300919
2024-12-31,zz500,300957
2024-12-31,zz500,301165
2024-12-31,zz500,301236
2024-12-31,zz500,301267
2024-12-31,zz500,301301
2024-12-31,zz500,301308
2024-12-31,zz500,301358
2024-12-31,zz500,301498
2025-06-30,hs300,600000
2025-06-30,hs300,600009
2025-06-30,hs300,600010
2025-06-30,hs300,600011
2025-06-30,hs300,600015
2025-06-30,hs300,600016
2025-06-30,hs300,600018
2025-06-30,hs300,600019
2025-06-30,hs300,600023
2025-06-30,hs300,600025
2025-06-30,hs300,600026
2025-06-30,hs300,600027
2025-06-30,hs300,600028
2025-06-30,hs300,600029
2025-06-30,hs300,600030
2025-06-30,hs300,600031
2025-06-30,hs300,600036
2025-06-30,hs300,600039
2025-06-30,hs300,600048
2025-06-30,hs300,600050
2025-06-30,hs300,600061
2025-06-30,hs300,600066
2025-06-30,hs300,600085
2025-06-30,hs300,600089
2025-06-30,hs300,600104
2025-06-30,hs300,600111
2025-06-30,hs300,600115
2025-06-30,hs300,600150
2025-06-30,hs300,600160
2025-06-30,hs300,600161
2025-06-30,hs300,600176
2025-06-30,hs300,600183
2025-06-30,hs300,600188
2025-06-30,hs300,600196
2025-06-30,hs300,600219
2025-06-30,hs300,600233
2025-06-30,hs300,600276
2025-06-30,hs300,600309
2025-06-30,hs300,600332
2025-06-30,hs300,600346
2025-06-30,hs300,600362
2025-06-30,hs300,600372
2025-06-30,hs300,600377
2025-06-30,hs300,600406
2025-06-30,hs300,600415
2025-06-30,hs300,600426
2025-06-30,hs300,600436
2025-06-30,hs300,600438
2025-06-30,hs300,600460
2025-06-30,hs300,600482
2025-06-30,hs300,600489
2025-06-30,hs300,600515
2025-06-30,hs300,600519
2025-06-30,hs300,600547
2025-06-30,hs300,600570
2025-06-30,hs300,600584
2025-06-30,hs300,600585
2025-06-30,hs300,600588
2025-06-30,hs300,600600
2025-06-30,hs300,600660
2025-06-30,hs300,600674
2025-06-30,hs300,600690
2025-06-30,hs300,600741
2025-06-30,hs300,600760
2025-06-30,hs300,600795
2025-06-30,hs300,600803
2025-06-30,hs300,600809
2025-06-30,hs300,600845
2025-06-30,hs300,600875
2025-06-30,hs300,600886
2025-06-30,hs300,600887
2025-06-30,hs300,600893
2025-06-30,hs300,600900
2025-06-30,hs300,600905
2025-06-30,hs300,600918
2025-06-30,hs300,600919
2025-06-30,hs300,600926
2025-06-30,hs300,600938
2025-06-30,hs300,600941
2025-06-30,hs300,600958
2025-06-30,hs300,600989
2025-06-30,hs300,600999
2025-06-30,hs300,601006
2025-06-30,hs300,601009
2025-06-30,hs300,601012
2025-06-30,hs300,601021
2025-06-30,hs300,601058
2025-06-30,hs300,601059
2025-06-30,hs300,601066
2025-06-30,hs300,601077
2025-06-30,hs300,601088
2025-06-30,hs300,601100
2025-06-30,hs300,601111
2025-06-30,hs300,601117
2025-06-30,hs300,601127
2025-06-30,hs300,601136
2025-06-30,hs300,601138
2025-06-30,hs300,601166
2025-06-30,hs300,601169
2025-06-30,hs300,601186
2025-06-30,hs300,601211
2025-06-30,hs300,601225
2025-06-30,hs300,601229
2025-06-30,hs300,601236
2025-06-30,hs300,601238
2025-06-30,hs300,601288
2025-06-30,hs300,601318
2025-06-30,hs300,601319
2025-06-30,hs300,601328
2025-06-30,hs300,601336
2025-06-30,hs300,601360
2025-06-30,hs300,601377
2025-06-30,hs300,601390
2025-06-30,hs300,601398
2025-06-30,hs300,601600
2025-06-30,hs300,601601
2025-06-30,hs300,601607
2025-06-30,hs300,601618
2025-06-30,hs300,601628
2025-06-30,hs300,601633
2025-06-30,hs300,601658
2025-06-30,hs300,601668
2025-06-30,hs300,601669
2025-06-30,hs300,601688
2025-06-30,hs300,601689
2025-06-30,hs300,601698
2025-06-30,hs300,601699
2025-06-30,hs300,601728
2025-06-30,hs300,601766
2025-06-30,hs300,601788
2025-06-30,hs300,601799
2025-06-30,hs300,601800
2025-06-30,hs300,601808
2025-06-30,hs300,601816
2025-06-30,hs300,601818
2025-06-30,hs300,601825
2025-06-30,hs300,601838
2025-06-30,hs300,601857
2025-06-30,hs300,601865
2025-06-30,hs300,601868
2025-06-30,hs300,601872
2025-06-30,hs300,601877
2025-06-30,hs300,601878
2025-06-30,hs300,601881
2025-06-30,hs300,601888
2025-06-30,hs300,601898
2025-06-30,hs300,601899
2025-06-30,hs300,601901
2025-06-30,hs300,601916
2025-06-30,hs300,601919
2025-06-30,hs300,601939
2025-06-30,hs300,601985
2025-06-30,hs300,601988
2025-06-30,hs300,601989
2025-06-30,hs300,601995
2025-06-30,hs300,601998
2025-06-30,hs300,603019
2025-06-30,hs300,603195
2025-06-30,hs300,603259
2025-06-30,hs300,603260
2025-06-30,hs300,603288
2025-06-30,hs300,603296
2025-06-30,hs300,603369
2025-06-30,hs300,603392
2025-06-30,hs300,603501
2025-06-30,hs300,603799
2025-06-30,hs300,603806
2025-06-30,hs300,603833
2025-06-30,hs300,603986
2025-06-30,hs300,603993
2025-06-30,hs300,605117
2025-06-30,hs300,605499
2025-06-30,hs300,688008
2025-06-30,hs300,688009
2025-06-30,hs300,688012
2025-06-30,hs300,688036
2025-06-30,hs300,688041
2025-06-30,hs300,688047
2025-06-30,hs300,688082
2025-06-30,hs300,688111
2025-06-30,hs300,688126
2025-06-30,hs300,688169
2025-06-30,hs300,688187
2025-06-30,hs300,688223
2025-06-30,hs300,688256
2025-06-30,hs300,688271
2025-06-30,hs300,688303
2025-06-30,hs300,688396
2025-06-30,hs300,688472
2025-06-30,hs300,688506
2025-06-30,hs300,688599
2025-06-30,hs300,688981
2025-06-30,hs300,000001
2025-06-30,hs300,000002
2025-06-30,hs300,000063
2025-06-30,hs300,000100
2025-06-30,hs300,000157
2025-06-30,hs300,000166
2025-06-30,hs300,000301
2025-06-30,hs300,000333
2025-06-30,hs300,000338
2025-06-30,hs300,000408
2025-06-30,hs300,000425
2025-06-30,hs300,000538
2025-06-30,hs300,000568
2025-06-30,hs300,000596
2025-06-30,hs300,000617
2025-06-30,hs300,000625
2025-06-30,hs300,000630
2025-06-30,hs300,000651
2025-06-30,hs300,000661
2025-06-30,hs300,000708
2025-06-30,hs300,000725
2025-06-30,hs300,000768
2025-06-30,hs300,000776
2025-06-30,hs300,000786
2025-06-30,hs300,000792
2025-06-30,hs300,000800
2025-06-30,hs300,000807
2025-06-30,hs300,000858
2025-06-30,hs300,000876
2025-06-30,hs300,000895
2025-06-30,hs300,000938
2025-06-30,hs300,000963
2025-06-30,hs300,000975
2025-06-30,hs300,000977
2025-06-30,hs300,000983
2025-06-30,hs300,000999
2025-06-30,hs300,001289
2025-06-30,hs300,001391
2025-06-30,hs300,001965
2025-06-30,hs300,001979
2025-06-30,hs300,002001
2025-06-30,hs300,002027
2025-06-30,hs300,002028
2025-06-30,hs300,002049
2025-06-30,hs300,002050
2025-06-30,hs300,002074
2025-06-30,hs300,002129
2025-06-30,hs300,002142
2025-06-30,hs300,002179
2025-06-30,hs300,002180
2025-06-30,hs300,002230
2025-06-30,hs300,002236
2025-06-30,hs300,002241
2025-06-30,hs300,002252
2025-06-30,hs300,002304
2025-06-30,hs300,002311
2025-06-30,hs300,002352
2025-06-30,hs300,002371
2025-06-30,hs300,002415
2025-06-30,hs300,002422
2025-06-30,hs300,002459
2025-06-30,hs300,002460
2025-06-30,hs300,002463
2025-06-30,hs300,002466
2025-06-30,hs300,002475
2025-06-30,hs300,002493
2025-06-30,hs300,002594
2025-06-30,hs300,002600
2025-06-30,hs300,002601
2025-06-30,hs300,002648
2025-06-30,hs300,002709
2025-06-30,hs300,002714
2025-06-30,hs300,002736
2025-06-30,hs300,002916
2025-06-30,hs300,002920
2025-06-30,hs300,002938
2025-06-30,hs300,003816
2025-06-30,hs300,300014
2025-06-30,hs300,300015
2025-06-30,hs300,300033
2025-06-30,hs300,300059
2025-06-30,hs300,300122
2025-06-30,hs300,300124
2025-06-30,hs300,300274
2025-06-30,hs300,300308
2025-06-30,hs300,300316
2025-06-30,hs300,300347
2025-06-30,hs300,300394
2025-06-30,hs300,300408
2025-06-30,hs300,300413
2025-06-30,hs300,300418
2025-06-30,hs300,300433
2025-06-30,hs300,300442
2025-06-30,hs300,300498
2025-06-30,hs300,300502
2025-06-30,hs300,300628
2025-06-30,hs300,300661
2025-06-30,hs300,300750
2025-06-30,hs300,300759
2025-06-30,hs300,300760
2025-06-30,hs300,300782
2025-06-30,hs300,300832
2025-06-30,hs300,300896
2025-06-30,hs300,300979
2025-06-30,hs300,300999
2025-06-30,hs300,301236
2025-06-30,hs300,301269
2025-06-30,hs300,302132
2025-06-30,zz500,600004
2025-06-30,zz500,600007
2025-06-30,zz500,600008
2025-06-30,zz500,600021
2025-06-30,zz500,600032
2025-06-30,zz500,600038
2025-06-30,zz500,600056
2025-06-30,zz500,600060
2025-06-30,zz500,600062
2025-06-30,zz500,600079
2025-06-30,zz500,600095
2025-06-30,zz500,600096
2025-06-30,zz500,600098
2025-06-30,zz500,600109
2025-06-30,zz500,600118
2025-06-30,zz500,600126
2025-06-30,zz500,600131
2025-06-30,zz500,600132
2025-06-30,zz500,600141
2025-06-30,zz500,600143
2025-06-30,zz500,600153
2025-06-30,zz500,600155
2025-06-30,zz500,600157
2025-06-30,zz500,600166
2025-06-30,zz500,600170
2025-06-30,zz500,600171
2025-06-30,zz500,600177
2025-06-30,zz500,600208
2025-06-30,zz500,600258
2025-06-30,zz500,600271
2025-06-30,zz500,600282
2025-06-30,zz500,600295
2025-06-30,zz500,600298
2025-06-30,zz500,600299
2025-06-30,zz500,600312
2025-06-30,zz500,600316
2025-06-30,zz500,600325
2025-06-30,zz500,600329
2025-06-30,zz500,600339
2025-06-30,zz500,600348
2025-06-30,zz500,600352
2025-06-30,zz500,600361
2025-06-30,zz500,600363
2025-06-30,zz500,600369
2025-06-30,zz500,600373
2025-06-30,zz500,600378
2025-06-30,zz500,600380
2025-06-30,zz500,600390
2025-06-30,zz500,600392
2025-06-30,zz500,600398
2025-06-30,zz500,600435
2025-06-30,zz500,600483
2025-06-30,zz500,600486
2025-06-30,zz500,600487
2025-06-30,zz500,600497
2025-06-30,zz500,600498
2025-06-30,zz500,600499
2025-06-30,zz500,600511
2025-06-30,zz500,600516
2025-06-30,zz500,600517
2025-06-30,zz500,600521
2025-06-30,zz500,600528
2025-06-30,zz500,600529
2025-06-30,zz500,600535
2025-06-30,zz500,600536
2025-06-30,zz500,600546
2025-06-30,zz500,600549
2025-06-30,zz500,600562
2025-06-30,zz500,600563
2025-06-30,zz500,600566
2025-06-30,zz500,600578
2025-06-30,zz500,600580
2025-06-30,zz500,600582
2025-06-30,zz500,600583
2025-06-30,zz500,600598
2025-06-30,zz500,600606
2025-06-30,zz500,600612
2025-06-30,zz500,600637
2025-06-30,zz500,600655
2025-06-30,zz500,600663
2025-06-30,zz500,600673
2025-06-30,zz500,600685
2025-06-30,zz500,600688
2025-06-30,zz500,600699
2025-06-30,zz500,600704
2025-06-30,zz500,600707
2025-06-30,zz500,600720
2025-06-30,zz500,600737
2025-06-30,zz500,600739
2025-06-30,zz500,600754
2025-06-30,zz500,600763
2025-06-30,zz500,600764
2025-06-30,zz500,600765
2025-06-30,zz500,600801
2025-06-30,zz500,600808
2025-06-30,zz500,600816
2025-06-30,zz500,600820
2025-06-30,zz500,600839
2025-06-30,zz500,600848
2025-06-30,zz500,600859
2025-06-30,zz500,600862
2025-06-30,zz500,600863
2025-06-30,zz500,600867
2025-06-30,zz500,600871
2025-06-30,zz500,600872
2025-06-30,zz500,600873
2025-06-30,zz500,600879
2025-06-30,zz500,600884
2025-06-30,zz500,600885
2025-06-30,zz500,600895
2025-06-30,zz500,600901
2025-06-30,zz500,600906
2025-06-30,zz500,600909
2025-06-30,zz500,600925
2025-06-30,zz500,600927
2025-06-30,zz500,600928
2025-06-30,zz500,600956
2025-06-30,zz500,600959
2025-06-30,zz500,600968
2025-06-30,zz500,600970
2025-06-30,zz500,600977
2025-06-30,zz500,600985
2025-06-30,zz500,600988
2025-06-30,zz500,600995
2025-06-30,zz500,600998
2025-06-30,zz500,601000
2025-06-30,zz500,601001
2025-06-30,zz500,601016
2025-06-30,zz500,601019
2025-06-30,zz500,601061
2025-06-30,zz500,601098
2025-06-30,zz500,601099
2025-06-30,zz500,601106
2025-06-30,zz500,601108
2025-06-30,zz500,601118
2025-06-30,zz500,601128
2025-06-30,zz500,601139
2025-06-30,zz500,601155
2025-06-30,zz500,601156
2025-06-30,zz500,601158
2025-06-30,zz500,601162
2025-06-30,zz500,601168
2025-06-30,zz500,601179
2025-06-30,zz500,601198
2025-06-30,zz500,601212
2025-06-30,zz500,601216
2025-06-30,zz500,601228
2025-06-30,zz500,601231
2025-06-30,zz500,601233
2025-06-30,zz500,601333
2025-06-30,zz500,601399
2025-06-30,zz500,601456
2025-06-30,zz500,601555
2025-06-30,zz500,601568
2025-06-30,zz500,601577
2025-06-30,zz500,601598
2025-06-30,zz500,601608
2025-06-30,zz500,601611
2025-06-30,zz500,601615
2025-06-30,zz500,601636
2025-06-30,zz500,601665
2025-06-30,zz500,601666
2025-06-30,zz500,601696
2025-06-30,zz500,601717
2025-06-30,zz500,601858
2025-06-30,zz500,601866
2025-06-30,zz500,601880
2025-06-30,zz500,601918
2025-06-30,zz500,601921
2025-06-30,zz500,601928
2025-06-30,zz500,601933
2025-06-30,zz500,601958
2025-06-30,zz500,601965
2025-06-30,zz500,601966
2025-06-30,zz500,601990
2025-06-30,zz500,601991
2025-06-30,zz500,601997
2025-06-30,zz500,603000
2025-06-30,zz500,603077
2025-06-30,zz500,603087
2025-06-30,zz500,603129
2025-06-30,zz500,603156
2025-06-30,zz500,603160
2025-06-30,zz500,603179
2025-06-30,zz500,603225
2025-06-30,zz500,603228
2025-06-30,zz500,603233
2025-06-30,zz500,603290
2025-06-30,zz500,603298
2025-06-30,zz500,603338
2025-06-30,zz500,603341
2025-06-30,zz500,603345
2025-06-30,zz500,603379
2025-06-30,zz500,603486
2025-06-30,zz500,603529
2025-06-30,zz500,603556
2025-06-30,zz500,603565
2025-06-30,zz500,603568
2025-06-30,zz500,603589
2025-06-30,zz500,603596
2025-06-30,zz500,603605
2025-06-30,zz500,603606
2025-06-30,zz500,603650
2025-06-30,zz500,603658
2025-06-30,zz500,603659
2025-06-30,zz500,603688
2025-06-30,zz500,603707
2025-06-30,zz500,603728
2025-06-30,zz500,603737
2025-06-30,zz500,603786
2025-06-30,zz500,603816
2025-06-30,zz500,603826
2025-06-30,zz500,603858
2025-06-30,zz500,603868
2025-06-30,zz500,603885
2025-06-30,zz500,603893
2025-06-30,zz500,603899
2025-06-30,zz500,603927
2025-06-30,zz500,603939
2025-06-30,zz500,603979
2025-06-30,zz500,605358
2025-06-30,zz500,605589
2025-06-30,zz500,688002
2025-06-30,zz500,688017
2025-06-30,zz500,688027
2025-06-30,zz500,688032
2025-06-30,zz500,688052
2025-06-30,zz500,688065
2025-06-30,zz500,688072
2025-06-30,zz500,688099
2025-06-30,zz500,688100
2025-06-30,zz500,688114
2025-06-30,zz500,688120
2025-06-30,zz500,688122
2025-06-30,zz500,688153
2025-06-30,zz500,688172
2025-06-30,zz500,688180
2025-06-30,zz500,688183
2025-06-30,zz500,688188
2025-06-30,zz500,688213
2025-06-30,zz500,688220
2025-06-30,zz500,688234
2025-06-30,zz500,688235
2025-06-30,zz500,688248
2025-06-30,zz500,688249
2025-06-30,zz500,688278
2025-06-30,zz500,688281
2025-06-30,zz500,688295
2025-06-30,zz500,688297
2025-06-30,zz500,688301
2025-06-30,zz500,688318
2025-06-30,zz500,688349
2025-06-30,zz500,688361
2025-06-30,zz500,688363
2025-06-30,zz500,688375
2025-06-30,zz500,688385
2025-06-30,zz500,688387
2025-06-30,zz500,688425
2025-06-30,zz500,688469
2025-06-30,zz500,688475
2025-06-30,zz500,688520
2025-06-30,zz500,688521
2025-06-30,zz500,688525
2025-06-30,zz500,688538
2025-06-30,zz500,688561
2025-06-30,zz500,688563
2025-06-30,zz500,688568
2025-06-30,zz500,688578
2025-06-30,zz500,688582
2025-06-30,zz500,688608
2025-06-30,zz500,688617
2025-06-30,zz500,688676
2025-06-30,zz500,688702
2025-06-30,zz500,688728
2025-06-30,zz500,688772
2025-06-30,zz500,688777
2025-06-30,zz500,688778
2025-06-30,zz500,688819
2025-06-30,zz500,689009
2025-06-30,zz500,000009
2025-06-30,zz500,000021
2025-06-30,zz500,000027
2025-06-30,zz500,000032
2025-06-30,zz500,000034
2025-06-30,zz500,000039
2025-06-30,zz500,000050
2025-06-30,zz500,000060
2025-06-30,zz500,000062
2025-06-30,zz500,000066
2025-06-30,zz500,000155
2025-06-30,zz500,000400
2025-06-30,zz500,000403
2025-06-30,zz500,000415
2025-06-30,zz500,000423
2025-06-30,zz500,000426
2025-06-30,zz500,000429
2025-06-30,zz500,000513
2025-06-30,zz500,000519
2025-06-30,zz500,000528
2025-06-30,zz500,000537
2025-06-30,zz500,000539
2025-06-30,zz500,000543
2025-06-30,zz500,000559
2025-06-30,zz500,000563
2025-06-30,zz500,000582
2025-06-30,zz500,000591
2025-06-30,zz500,000598
2025-06-30,zz500,000623
2025-06-30,zz500,000629
2025-06-30,zz500,000636
2025-06-30,zz500,000683
2025-06-30,zz500,000703
2025-06-30,zz500,000709
2025-06-30,zz500,000723
2025-06-30,zz500,000728
2025-06-30,zz500,000729
2025-06-30,zz500,000733
2025-06-30,zz500,000738
2025-06-30,zz500,000739
2025-06-30,zz500,000750
2025-06-30,zz500,000783
2025-06-30,zz500,000785
2025-06-30,zz500,000825
2025-06-30,zz500,000830
2025-06-30,zz500,000831
2025-06-30,zz500,000878
2025-06-30,zz500,000883
2025-06-30,zz500,000887
2025-06-30,zz500,000893
2025-06-30,zz500,000898
2025-06-30,zz500,000921
2025-06-30,zz500,000932
2025-06-30,zz500,000933
2025-06-30,zz500,000937
2025-06-30,zz500,000951
2025-06-30,zz500,000958
2025-06-30,zz500,000959
2025-06-30,zz500,000960
2025-06-30,zz500,000967
2025-06-30,zz500,000987
2025-06-30,zz500,000988
2025-06-30,zz500,000997
2025-06-30,zz500,001213
2025-06-30,zz500,001286
2025-06-30,zz500,001389
2025-06-30,zz500,001696
2025-06-30,zz500,002007
2025-06-30,zz500,002008
2025-06-30,zz500,002025
2025-06-30,zz500,002044
2025-06-30,zz500,002056
2025-06-30,zz500,002064
2025-06-30,zz500,002065
2025-06-30,zz500,002078
2025-06-30,zz500,002080
2025-06-30,zz500,002085
2025-06-30,zz500,002120
2025-06-30,zz500,002130
2025-06-30,zz500,002138
2025-06-30,zz500,002152
2025-06-30,zz500,002153
2025-06-30,zz500,002155
2025-06-30,zz500,002156
2025-06-30,zz500,002185
2025-06-30,zz500,002195
2025-06-30,zz500,002202
2025-06-30,zz500,002203
2025-06-30,zz500,002223
2025-06-30,zz500,002244
2025-06-30,zz500,002261
2025-06-30,zz500,002262
2025-06-30,zz500,002266
2025-06-30,zz500,002273
2025-06-30,zz500,002281
2025-06-30,zz500,002294
2025-06-30,zz500,002299
2025-06-30,zz500,002312
2025-06-30,zz500,002318
2025-06-30,zz500,002340
2025-06-30,zz500,002353
2025-06-30,zz500,002372
2025-06-30,zz500,002385
2025-06-30,zz500,002409
2025-06-30,zz500,002410
2025-06-30,zz500,002414
2025-06-30,zz500,002423
2025-06-30,zz500,002429
2025-06-30,zz500,002430
2025-06-30,zz500,002432
2025-06-30,zz500,002436
2025-06-30,zz500,002439
2025-06-30,zz500,002444
2025-06-30,zz500,002461
2025-06-30,zz500,002465
2025-06-30,zz500,002472
2025-06-30,zz500,002500
2025-06-30,zz500,002507
2025-06-30,zz500,002508
2025-06-30,zz500,002517
2025-06-30,zz500,002532
2025-06-30,zz500,002558
2025-06-30,zz500,002563
2025-06-30,zz500,002568
2025-06-30,zz500,002572
2025-06-30,zz500,002595
2025-06-30,zz500,002603
2025-06-30,zz500,002607
2025-06-30,zz500,002608
2025-06-30,zz500,002624
2025-06-30,zz500,002653
2025-06-30,zz500,002670
2025-06-30,zz500,002673
2025-06-30,zz500,002683
2025-06-30,zz500,002738
2025-06-30,zz500,002739
2025-06-30,zz500,002756
2025-06-30,zz500,002773
2025-06-30,zz500,002797
2025-06-30,zz500,002821
2025-06-30,zz500,002831
2025-06-30,zz500,002837
2025-06-30,zz500,002841
2025-06-30,zz500,002850
2025-06-30,zz500,002851
2025-06-30,zz500,002926
2025-06-30,zz500,002939
2025-06-30,zz500,002945
2025-06-30,zz500,002958
2025-06-30,zz500,002966
2025-06-30,zz500,002984
2025-06-30,zz500,003022
2025-06-30,zz500,003031
2025-06-30,zz500,003035
2025-06-30,zz500,300001
2025-06-30,zz500,300002
2025-06-30,zz500,300003
2025-06-30,zz500,300012
2025-06-30,zz500,300017
2025-06-30,zz500,300024
2025-06-30,zz500,300037
2025-06-30,zz500,300054
2025-06-30,zz500,300058
2025-06-30,zz500,300070
2025-06-30,zz500,300073
2025-06-30,zz500,300115
2025-06-30,zz500,300136
2025-06-30,zz500,300140
2025-06-30,zz500,300142
2025-06-30,zz500,300144
2025-06-30,zz500,300146
2025-06-30,zz500,300207
2025-06-30,zz500,300212
2025-06-30,zz500,300223
2025-06-30,zz500,300251
2025-06-30,zz500,300285
2025-06-30,zz500,300339
2025-06-30,zz500,300346
2025-06-30,zz500,300373
2025-06-30,zz500,300383
2025-06-30,zz500,300390
2025-06-30,zz500,300395
2025-06-30,zz500,300450
2025-06-30,zz500,300454
2025-06-30,zz500,300458
2025-06-30,zz500,300474
2025-06-30,zz500,300476
2025-06-30,zz500,300487
2025-06-30,zz500,300496
2025-06-30,zz500,300529
2025-06-30,zz500,300558
2025-06-30,zz500,300567
2025-06-30,zz500,300573
2025-06-30,zz500,300595
2025-06-30,zz500,300601
2025-06-30,zz500,300604
2025-06-30,zz500,300623
2025-06-30,zz500,300627
2025-06-30,zz500,300676
2025-06-30,zz500,300677
2025-06-30,zz500,300679
2025-06-30,zz500,300699
2025-06-30,zz500,300724
2025-06-30,zz500,300735
2025-06-30,zz500,300748
2025-06-30,zz500,300751
2025-06-30,zz500,300757
2025-06-30,zz500,300763
2025-06-30,zz500,300765
2025-06-30,zz500,300803
2025-06-30,zz500,300857
2025-06-30,zz500,300888
2025-06-30,zz500,300919
2025-06-30,zz500,300957
2025-06-30,zz500,301165
2025-06-30,zz500,301267
2025-06-30,zz500,301301
2025-06-30,zz500,301308
2025-06-30,zz500,301358
2025-06-30,zz500,301498
2025-06-30,zz500,301536
2025-12-31,hs300,600000
2025-12-31,hs300,600009
2025-12-31,hs300,600010
2025-12-31,hs300,600011
2025-12-31,hs300,600015
2025-12-31,hs300,600016
2025-12-31,hs300,600018
2025-12-31,hs300,600019
2025-12-31,hs300,600023
2025-12-31,hs300,600025
2025-12-31,hs300,600026
2025-12-31,hs300,600027
2025-12-31,hs300,600028
2025-12-31,hs300,600029
2025-12-31,hs300,600030
2025-12-31,hs300,600031
2025-12-31,hs300,600036
2025-12-31,hs300,600039
2025-12-31,hs300,600048
2025-12-31,hs300,600050
2025-12-31,hs300,600061
2025-12-31,hs300,600066
2025-12-31,hs300,600085
2025-12-31,hs300,600089
2025-12-31,hs300,600104
2025-12-31,hs300,600111
2025-12-31,hs300,600115
2025-12-31,hs300,600150
2025-12-31,hs300,600160
2025-12-31,hs300,600161
2025-12-31,hs300,600176
2025-12-31,hs300,600183
2025-12-31,hs300,600188
2025-12-31,hs300,600196
2025-12-31,hs300,600219
2025-12-31,hs300,600233
2025-12-31,hs300,600276
2025-12-31,hs300,600309
2025-12-31,hs300,600346
2025-12-31,hs300,600362
2025-12-31,hs300,600372
2025-12-31,hs300,600377
2025-12-31,hs300,600406
2025-12-31,hs300,600415
2025-12-31,hs300,600426
2025-12-31,hs300,600436
2025-12-31,hs300,600438
2025-12-31,hs300,600460
2025-12-31,hs300,600482
2025-12-31,hs300,600489
2025-12-31,hs300,600515
2025-12-31,hs300,600519
2025-12-31,hs300,600522
2025-12-31,hs300,600547
2025-12-31,hs300,600570
2025-12-31,hs300,600584
2025-12-31,hs300,600585
2025-12-31,hs300,600588
2025-12-31,hs300,600600
2025-12-31,hs300,600660
2025-12-31,hs300,600674
2025-12-31,hs300,600690
2025-12-31,hs300,600741
2025-12-31,hs300,600760
2025-12-31,hs300,600795
2025-12-31,hs300,600803
2025-12-31,hs300,600809
2025-12-31,hs300,600845
2025-12-31,hs300,600875
2025-12-31,hs300,600886
2025-12-31,hs300,600887
2025-12-31,hs300,600893
2025-12-31,hs300,600900
2025-12-31,hs300,600905
2025-12-31,hs300,600918
2025-12-31,hs300,600919
2025-12-31,hs300,600926
2025-12-31,hs300,600930
2025-12-31,hs300,600938
2025-12-31,hs300,600941
2025-12-31,hs300,600958
2025-12-31,hs300,600989
2025-12-31,hs300,600999
2025-12-31,hs300,601006
2025-12-31,hs300,601009
2025-12-31,hs300,601012
2025-12-31,hs300,601018
2025-12-31,hs300,601021
2025-12-31,hs300,601058
2025-12-31,hs300,601059
2025-12-31,hs300,601066
2025-12-31,hs300,601077
2025-12-31,hs300,601088
2025-12-31,hs300,601100
2025-12-31,hs300,601111
2025-12-31,hs300,601117
2025-12-31,hs300,601127
2025-12-31,hs300,601136
2025-12-31,hs300,601138
2025-12-31,hs300,601166
2025-12-31,hs300,601169
2025-12-31,hs300,601186
2025-12-31,hs300,601211
2025-12-31,hs300,601225
2025-12-31,hs300,601229
2025-12-31,hs300,601236
2025-12-31,hs300,601238
2025-12-31,hs300,601288
2025-12-31,hs300,601298
2025-12-31,hs300,601318
2025-12-31,hs300,601319
2025-12-31,hs300,601328
2025-12-31,hs300,601336
2025-12-31,hs300,601360
2025-12-31,hs300,601377
2025-12-31,hs300,601390
2025-12-31,hs300,601398
2025-12-31,hs300,601456
2025-12-31,hs300,601600
2025-12-31,hs300,601601
2025-12-31,hs300,601607
2025-12-31,hs300,601618
2025-12-31,hs300,601628
2025-12-31,hs300,601633
2025-12-31,hs300,601658
2025-12-31,hs300,601668
2025-12-31,hs300,601669
2025-12-31,hs300,601688
2025-12-31,hs300,601689
2025-12-31,hs300,601698
2025-12-31,hs300,601728
2025-12-31,hs300,601766
2025-12-31,hs300,601788
2025-12-31,hs300,601800
2025-12-31,hs300,601808
2025-12-31,hs300,601816
2025-12-31,hs300,601818
2025-12-31,hs300,601825
2025-12-31,hs300,601838
2025-12-31,hs300,601857
2025-12-31,hs300,601868
2025-12-31,hs300,601872
2025-12-31,hs300,601877
2025-12-31,hs300,601878
2025-12-31,hs300,601881
2025-12-31,hs300,601888
2025-12-31,hs300,601898
2025-12-31,hs300,601899
2025-12-31,hs300,601901
2025-12-31,hs300,601916
2025-12-31,hs300,601919
2025-12-31,hs300,601939
2025-12-31,hs300,601985
2025-12-31,hs300,601988
2025-12-31,hs300,601995
2025-12-31,hs300,601998
2025-12-31,hs300,603019
2025-12-31,hs300,603195
2025-12-31,hs300,603259
2025-12-31,hs300,603260
2025-12-31,hs300,603288
2025-12-31,hs300,603296
2025-12-31,hs300,603369
2025-12-31,hs300,603392
2025-12-31,hs300,603501
2025-12-31,hs300,603799
2025-12-31,hs300,603893
2025-12-31,hs300,603986
2025-12-31,hs300,603993
2025-12-31,hs300,605117
2025-12-31,hs300,605499
2025-12-31,hs300,688008
2025-12-31,hs300,688009
2025-12-31,hs300,688012
2025-12-31,hs300,688036
2025-12-31,hs300,688041
2025-12-31,hs300,688047
2025-12-31,hs300,688082
2025-12-31,hs300,688111
2025-12-31,hs300,688126
2025-12-31,hs300,688169
2025-12-31,hs300,688187
2025-12-31,hs300,688223
2025-12-31,hs300,688256
2025-12-31,hs300,688271
2025-12-31,hs300,688303
2025-12-31,hs300,688396
2025-12-31,hs300,688472
2025-12-31,hs300,688506
2025-12-31,hs300,688981
2025-12-31,hs300,000001
2025-12-31,hs300,000002
2025-12-31,hs300,000063
2025-12-31,hs300,000100
2025-12-31,hs300,000157
2025-12-31,hs300,000166
2025-12-31,hs300,000301
2025-12-31,hs300,000333
2025-12-31,hs300,000338
2025-12-31,hs300,000408
2025-12-31,hs300,000425
2025-12-31,hs300,000538
2025-12-31,hs300,000568
2025-12-31,hs300,000596
2025-12-31,hs300,000617
2025-12-31,hs300,000625
2025-12-31,hs300,000630
2025-12-31,hs300,000651
2025-12-31,hs300,000661
2025-12-31,hs300,000708
2025-12-31,hs300,000725
2025-12-31,hs300,000768
2025-12-31,hs300,000776
2025-12-31,hs300,000786
2025-12-31,hs300,000792
2025-12-31,hs300,000807
2025-12-31,hs300,000858
2025-12-31,hs300,000876
2025-12-31,hs300,000895
2025-12-31,hs300,000938
2025-12-31,hs300,000963
2025-12-31,hs300,000975
2025-12-31,hs300,000977
2025-12-31,hs300,000983
2025-12-31,hs300,000999
2025-12-31,hs300,001391
2025-12-31,hs300,001965
2025-12-31,hs300,001979
2025-12-31,hs300,002001
2025-12-31,hs300,002027
2025-12-31,hs300,002028
2025-12-31,hs300,002049
2025-12-31,hs300,002050
2025-12-31,hs300,002074
2025-12-31,hs300,002142
2025-12-31,hs300,002179
2025-12-31,hs300,002230
2025-12-31,hs300,002236
2025-12-31,hs300,002241
2025-12-31,hs300,002252
2025-12-31,hs300,002304
2025-12-31,hs300,002311
2025-12-31,hs300,002352
2025-12-31,hs300,002371
2025-12-31,hs300,002384
2025-12-31,hs300,002415
2025-12-31,hs300,002422
2025-12-31,hs300,002459
2025-12-31,hs300,002460
2025-12-31,hs300,002463
2025-12-31,hs300,002466
2025-12-31,hs300,002475
2025-12-31,hs300,002493
2025-12-31,hs300,002594
2025-12-31,hs300,002600
2025-12-31,hs300,002601
2025-12-31,hs300,002625
2025-12-31,hs300,002648
2025-12-31,hs300,002709
2025-12-31,hs300,002714
2025-12-31,hs300,002736
2025-12-31,hs300,002916
2025-12-31,hs300,002920
2025-12-31,hs300,002938
2025-12-31,hs300,003816
2025-12-31,hs300,300014
2025-12-31,hs300,300015
2025-12-31,hs300,300033
2025-12-31,hs300,300059
2025-12-31,hs300,300122
2025-12-31,hs300,300124
2025-12-31,hs300,300251
2025-12-31,hs300,300274
2025-12-31,hs300,300308
2025-12-31,hs300,300316
2025-12-31,hs300,300347
2025-12-31,hs300,300394
2025-12-31,hs300,300408
2025-12-31,hs300,300413
2025-12-31,hs300,300418
2025-12-31,hs300,300433
2025-12-31,hs300,300442
2025-12-31,hs300,300476
2025-12-31,hs300,300498
2025-12-31,hs300,300502
2025-12-31,hs300,300628
2025-12-31,hs300,300661
2025-12-31,hs300,300750
2025-12-31,hs300,300759
2025-12-31,hs300,300760
2025-12-31,hs300,300782
2025-12-31,hs300,300803
2025-12-31,hs300,300832
2025-12-31,hs300,300866
2025-12-31,hs300,300896
2025-12-31,hs300,300979
2025-12-31,hs300,300999
2025-12-31,hs300,301236
2025-12-31,hs300,301269
2025-12-31,hs300,302132
2025-12-31,zz500,600004
2025-12-31,zz500,600007
2025-12-31,zz500,600008
2025-12-31,zz500,600021
2025-12-31,zz500,600032
2025-12-31,zz500,600038
2025-12-31,zz500,600060
2025-12-31,zz500,600062
2025-12-31,zz500,600079
2025-12-31,zz500,600095
2025-12-31,zz500,600096
2025-12-31,zz500,600098
2025-12-31,zz500,600109
2025-12-31,zz500,600118
2025-12-31,zz500,600126
2025-12-31,zz500,600131
2025-12-31,zz500,600132
2025-12-31,zz500,600141
2025-12-31,zz500,600143
2025-12-31,zz500,600153
2025-12-31,zz500,600157
2025-12-31,zz500,600166
2025-12-31,zz500,600170
2025-12-31,zz500,600171
2025-12-31,zz500,600177
2025-12-31,zz500,600208
2025-12-31,zz500,600282
2025-12-31,zz500,600295
2025-12-31,zz500,600298
2025-12-31,zz500,600299
2025-12-31,zz500,600312
2025-12-31,zz500,600316
2025-12-31,zz500,600329
2025-12-31,zz500,600332
2025-12-31,zz500,600339
2025-12-31,zz500,600348
2025-12-31,zz500,600352
2025-12-31,zz500,600363
2025-12-31,zz500,600369
2025-12-31,zz500,600378
2025-12-31,zz500,600380
2025-12-31,zz500,600390
2025-12-31,zz500,600392
2025-12-31,zz500,600398
2025-12-31,zz500,600435
2025-12-31,zz500,600483
2025-12-31,zz500,600486
2025-12-31,zz500,600487
2025-12-31,zz500,600497
2025-12-31,zz500,600498
2025-12-31,zz500,600499
2025-12-31,zz500,600511
2025-12-31,zz500,600516
2025-12-31,zz500,600517
2025-12-31,zz500,600521
2025-12-31,zz500,600528
2025-12-31,zz500,600535
2025-12-31,zz500,600536
2025-12-31,zz500,600546
2025-12-31,zz500,600549
2025-12-31,zz500,600562
2025-12-31,zz500,600563
2025-12-31,zz500,600566
2025-12-31,zz500,600578
2025-12-31,zz500,600580
2025-12-31,zz500,600582
2025-12-31,zz500,600583
2025-12-31,zz500,600598
2025-12-31,zz500,600601
2025-12-31,zz500,600602
2025-12-31,zz500,600606
2025-12-31,zz500,600637
2025-12-31,zz500,600642
2025-12-31,zz500,600655
2025-12-31,zz500,600663
2025-12-31,zz500,600673
2025-12-31,zz500,600685
2025-12-31,zz500,600688
2025-12-31,zz500,600699
2025-12-31,zz500,600704
2025-12-31,zz500,600707
2025-12-31,zz500,600720
2025-12-31,zz500,600737
2025-12-31,zz500,600739
2025-12-31,zz500,600754
2025-12-31,zz500,600763
2025-12-31,zz500,600764
2025-12-31,zz500,600765
2025-12-31,zz500,600801
2025-12-31,zz500,600808
2025-12-31,zz500,600816
2025-12-31,zz500,600820
2025-12-31,zz500,600848
2025-12-31,zz500,600862
2025-12-31,zz500,600863
2025-12-31,zz500,600871
2025-12-31,zz500,600873
2025-12-31,zz500,600879
2025-12-31,zz500,600884
2025-12-31,zz500,600885
2025-12-31,zz500,600901
2025-12-31,zz500,600906
2025-12-31,zz500,600909
2025-12-31,zz500,600927
2025-12-31,zz500,600959
2025-12-31,zz500,600967
2025-12-31,zz500,600968
2025-12-31,zz500,600970
2025-12-31,zz500,600977
2025-12-31,zz500,600985
2025-12-31,zz500,600988
2025-12-31,zz500,600995
2025-12-31,zz500,600998
2025-12-31,zz500,601000
2025-12-31,zz500,601001
2025-12-31,zz500,601016
2025-12-31,zz500,601019
2025-12-31,zz500,601061
2025-12-31,zz500,601098
2025-12-31,zz500,601099
2025-12-31,zz500,601106
2025-12-31,zz500,601108
2025-12-31,zz500,601118
2025-12-31,zz500,601128
2025-12-31,zz500,601139
2025-12-31,zz500,601155
2025-12-31,zz500,601156
2025-12-31,zz500,601162
2025-12-31,zz500,601168
2025-12-31,zz500,601179
2025-12-31,zz500,601198
2025-12-31,zz500,601212
2025-12-31,zz500,601216
2025-12-31,zz500,601228
2025-12-31,zz500,601231
2025-12-31,zz500,601233
2025-12-31,zz500,601333
2025-12-31,zz500,601399
2025-12-31,zz500,601555
2025-12-31,zz500,601567
2025-12-31,zz500,601577
2025-12-31,zz500,601598
2025-12-31,zz500,601608
2025-12-31,zz500,601611
2025-12-31,zz500,601615
2025-12-31,zz500,601665
2025-12-31,zz500,601666
2025-12-31,zz500,601696
2025-12-31,zz500,601699
2025-12-31,zz500,601717
2025-12-31,zz500,601799
2025-12-31,zz500,601865
2025-12-31,zz500,601866
2025-12-31,zz500,601880
2025-12-31,zz500,601918
2025-12-31,zz500,601921
2025-12-31,zz500,601928
2025-12-31,zz500,601958
2025-12-31,zz500,601965
2025-12-31,zz500,601966
2025-12-31,zz500,601990
2025-12-31,zz500,601991
2025-12-31,zz500,601997
2025-12-31,zz500,603000
2025-12-31,zz500,603049
2025-12-31,zz500,603077
2025-12-31,zz500,603087
2025-12-31,zz500,603129
2025-12-31,zz500,603156
2025-12-31,zz500,603160
2025-12-31,zz500,603179
2025-12-31,zz500,603225
2025-12-31,zz500,603228
2025-12-31,zz500,603233
2025-12-31,zz500,603290
2025-12-31,zz500,603298
2025-12-31,zz500,603338
2025-12-31,zz500,603341
2025-12-31,zz500,603345
2025-12-31,zz500,603379
2025-12-31,zz500,603444
2025-12-31,zz500,603486
2025-12-31,zz500,603529
2025-12-31,zz500,603565
2025-12-31,zz500,603568
2025-12-31,zz500,603589
2025-12-31,zz500,603596
2025-12-31,zz500,603605
2025-12-31,zz500,603606
2025-12-31,zz500,603650
2025-12-31,zz500,603658
2025-12-31,zz500,603659
2025-12-31,zz500,603688
2025-12-31,zz500,603699
2025-12-31,zz500,603707
2025-12-31,zz500,603728
2025-12-31,zz500,603737
2025-12-31,zz500,603766
2025-12-31,zz500,603786
2025-12-31,zz500,603806
2025-12-31,zz500,603816
2025-12-31,zz500,603833
2025-12-31,zz500,603858
2025-12-31,zz500,603885
2025-12-31,zz500,603899
2025-12-31,zz500,603920
2025-12-31,zz500,603927
2025-12-31,zz500,603939
2025-12-31,zz500,603979
2025-12-31,zz500,605358
2025-12-31,zz500,605589
2025-12-31,zz500,688002
2025-12-31,zz500,688017
2025-12-31,zz500,688018
2025-12-31,zz500,688019
2025-12-31,zz500,688027
2025-12-31,zz500,688052
2025-12-31,zz500,688065
2025-12-31,zz500,688099
2025-12-31,zz500,688100
2025-12-31,zz500,688114
2025-12-31,zz500,688120
2025-12-31,zz500,688122
2025-12-31,zz500,688166
2025-12-31,zz500,688172
2025-12-31,zz500,688180
2025-12-31,zz500,688183
2025-12-31,zz500,688188
2025-12-31,zz500,688192
2025-12-31,zz500,688213
2025-12-31,zz500,688220
2025-12-31,zz500,688234
2025-12-31,zz500,688235
2025-12-31,zz500,688248
2025-12-31,zz500,688266
2025-12-31,zz500,688278
2025-12-31,zz500,688281
2025-12-31,zz500,688295
2025-12-31,zz500,688297
2025-12-31,zz500,688301
2025-12-31,zz500,688318
2025-12-31,zz500,688322
2025-12-31,zz500,688336
2025-12-31,zz500,688347
2025-12-31,zz500,688349
2025-12-31,zz500,688361
2025-12-31,zz500,688363
2025-12-31,zz500,688375
2025-12-31,zz500,688385
2025-12-31,zz500,688387
2025-12-31,zz500,688425
2025-12-31,zz500,688469
2025-12-31,zz500,688475
2025-12-31,zz500,688520
2025-12-31,zz500,688525
2025-12-31,zz500,688538
2025-12-31,zz500,688561
2025-12-31,zz500,688563
2025-12-31,zz500,688568
2025-12-31,zz500,688578
2025-12-31,zz500,688582
2025-12-31,zz500,688599
2025-12-31,zz500,688608
2025-12-31,zz500,688615
2025-12-31,zz500,688617
2025-12-31,zz500,688629
2025-12-31,zz500,688676
2025-12-31,zz500,688692
2025-12-31,zz500,688702
2025-12-31,zz500,688709
2025-12-31,zz500,688728
2025-12-31,zz500,688772
2025-12-31,zz500,688777
2025-12-31,zz500,688778
2025-12-31,zz500,688819
2025-12-31,zz500,689009
2025-12-31,zz500,000009
2025-12-31,zz500,000021
2025-12-31,zz500,000027
2025-12-31,zz500,000032
2025-12-31,zz500,000034
2025-12-31,zz500,000039
2025-12-31,zz500,000050
2025-12-31,zz500,000060
2025-12-31,zz500,000062
2025-12-31,zz500,000088
2025-12-31,zz500,000155
2025-12-31,zz500,000400
2025-12-31,zz500,000415
2025-12-31,zz500,000423
2025-12-31,zz500,000426
2025-12-31,zz500,000429
2025-12-31,zz500,000513
2025-12-31,zz500,000519
2025-12-31,zz500,000528
2025-12-31,zz500,000537
2025-12-31,zz500,000539
2025-12-31,zz500,000559
2025-12-31,zz500,000563
2025-12-31,zz500,000582
2025-12-31,zz500,000591
2025-12-31,zz500,000598
2025-12-31,zz500,000623
2025-12-31,zz500,000629
2025-12-31,zz500,000657
2025-12-31,zz500,000683
2025-12-31,zz500,000703
2025-12-31,zz500,000709
2025-12-31,zz500,000723
2025-12-31,zz500,000728
2025-12-31,zz500,000729
2025-12-31,zz500,000733
2025-12-31,zz500,000738
2025-12-31,zz500,000739
2025-12-31,zz500,000750
2025-12-31,zz500,000783
2025-12-31,zz500,000785
2025-12-31,zz500,000825
2025-12-31,zz500,000830
2025-12-31,zz500,000831
2025-12-31,zz500,000878
2025-12-31,zz500,000883
2025-12-31,zz500,000887
2025-12-31,zz500,000893
2025-12-31,zz500,000898
2025-12-31,zz500,000921
2025-12-31,zz500,000932
2025-12-31,zz500,000933
2025-12-31,zz500,000937
2025-12-31,zz500,000951
2025-12-31,zz500,000958
2025-12-31,zz500,000959
2025-12-31,zz500,000960
2025-12-31,zz500,000967
2025-12-31,zz500,000987
2025-12-31,zz500,000997
2025-12-31,zz500,001213
2025-12-31,zz500,001221
2025-12-31,zz500,001286
2025-12-31,zz500,001389
2025-12-31,zz500,001696
2025-12-31,zz500,002007
2025-12-31,zz500,002008
2025-12-31,zz500,002025
2025-12-31,zz500,002032
2025-12-31,zz500,002044
2025-12-31,zz500,002056
2025-12-31,zz500,002064
2025-12-31,zz500,002065
2025-12-31,zz500,002078
2025-12-31,zz500,002080
2025-12-31,zz500,002085
2025-12-31,zz500,002120
2025-12-31,zz500,002126
2025-12-31,zz500,002128
2025-12-31,zz500,002130
2025-12-31,zz500,002131
2025-12-31,zz500,002138
2025-12-31,zz500,002152
2025-12-31,zz500,002153
2025-12-31,zz500,002155
2025-12-31,zz500,002156
2025-12-31,zz500,002157
2025-12-31,zz500,002185
2025-12-31,zz500,002195
2025-12-31,zz500,002202
2025-12-31,zz500,002203
2025-12-31,zz500,002223
2025-12-31,zz500,002244
2025-12-31,zz500,002261
2025-12-31,zz500,002262
2025-12-31,zz500,002265
2025-12-31,zz500,002266
2025-12-31,zz500,002271
2025-12-31,zz500,002273
2025-12-31,zz500,002281
2025-12-31,zz500,002294
2025-12-31,zz500,002299
2025-12-31,zz500,002312
2025-12-31,zz500,002318
2025-12-31,zz500,002335
2025-12-31,zz500,002340
2025-12-31,zz500,002353
2025-12-31,zz500,002372
2025-12-31,zz500,002385
2025-12-31,zz500,002402
2025-12-31,zz500,002409
2025-12-31,zz500,002410
2025-12-31,zz500,002414
2025-12-31,zz500,002423
2025-12-31,zz500,002429
2025-12-31,zz500,002430
2025-12-31,zz500,002432
2025-12-31,zz500,002436
2025-12-31,zz500,002439
2025-12-31,zz500,002444
2025-12-31,zz500,002461
2025-12-31,zz500,002465
2025-12-31,zz500,002472
2025-12-31,zz500,002500
2025-12-31,zz500,002508
2025-12-31,zz500,002517
2025-12-31,zz500,002532
2025-12-31,zz500,002558
2025-12-31,zz500,002568
2025-12-31,zz500,002583
2025-12-31,zz500,002595
2025-12-31,zz500,002603
2025-12-31,zz500,002607
2025-12-31,zz500,002608
2025-12-31,zz500,002624
2025-12-31,zz500,002670
2025-12-31,zz500,002673
2025-12-31,zz500,002683
2025-12-31,zz500,002738
2025-12-31,zz500,002739
2025-12-31,zz500,002756
2025-12-31,zz500,002773
2025-12-31,zz500,002797
2025-12-31,zz500,002821
2025-12-31,zz500,002831
2025-12-31,zz500,002837
2025-12-31,zz500,002841
2025-12-31,zz500,002850
2025-12-31,zz500,002851
2025-12-31,zz500,002926
2025-12-31,zz500,002939
2025-12-31,zz500,002945
2025-12-31,zz500,002958
2025-12-31,zz500,002966
2025-12-31,zz500,002984
2025-12-31,zz500,003021
2025-12-31,zz500,003022
2025-12-31,zz500,003031
2025-12-31,zz500,003035
2025-12-31,zz500,300001
2025-12-31,zz500,300002
2025-12-31,zz500,300003
2025-12-31,zz500,300012
2025-12-31,zz500,300017
2025-12-31,zz500,300024
2025-12-31,zz500,300037
2025-12-31,zz500,300054
2025-12-31,zz500,300058
2025-12-31,zz500,300070
2025-12-31,zz500,300073
2025-12-31,zz500,300100
2025-12-31,zz500,300115
2025-12-31,zz500,300136
2025-12-31,zz500,300140
2025-12-31,zz500,300142
2025-12-31,zz500,300144
2025-12-31,zz500,300146
2025-12-31,zz500,300207
2025-12-31,zz500,300223
2025-12-31,zz500,300285
2025-12-31,zz500,300339
2025-12-31,zz500,300346
2025-12-31,zz500,300373
2025-12-31,zz500,300383
2025-12-31,zz500,300390
2025-12-31,zz500,300395
2025-12-31,zz500,300432
2025-12-31,zz500,300450
2025-12-31,zz500,300454
2025-12-31,zz500,300458
2025-12-31,zz500,300474
2025-12-31,zz500,300487
2025-12-31,zz500,300496
2025-12-31,zz500,300529
2025-12-31,zz500,300558
2025-12-31,zz500,300567
2025-12-31,zz500,300570
2025-12-31,zz500,300601
2025-12-31,zz500,300604
2025-12-31,zz500,300623
2025-12-31,zz500,300627
2025-12-31,zz500,300676
2025-12-31,zz500,300677
2025-12-31,zz500,300679
2025-12-31,zz500,300699
2025-12-31,zz500,300718
2025-12-31,zz500,300724
2025-12-31,zz500,300735
2025-12-31,zz500,300748
2025-12-31,zz500,300751
2025-12-31,zz500,300757
2025-12-31,zz500,300763
2025-12-31,zz500,300857
2025-12-31,zz500,300888
2025-12-31,zz500,300919
2025-12-31,zz500,300957
2025-12-31,zz500,300972
2025-12-31,zz500,301200
2025-12-31,zz500,301301
2025-12-31,zz500,301308
2025-12-31,zz500,301358
2025-12-31,zz500,301498
2025-12-31,zz500,301536
2025-12-31,zz500,301611
2026-06-15,hs300,600000
2026-06-15,hs300,600009
2026-06-15,hs300,600010
2026-06-15,hs300,600011
2026-06-15,hs300,600015
2026-06-15,hs300,600016
2026-06-15,hs300,600018
2026-06-15,hs300,600019
2026-06-15,hs300,600023
2026-06-15,hs300,600025
2026-06-15,hs300,600026
2026-06-15,hs300,600027
2026-06-15,hs300,600028
2026-06-15,hs300,600029
2026-06-15,hs300,600030
2026-06-15,hs300,600031
2026-06-15,hs300,600036
2026-06-15,hs300,600039
2026-06-15,hs300,600048
2026-06-15,hs300,600050
2026-06-15,hs300,600061
2026-06-15,hs300,600066
2026-06-15,hs300,600085
2026-06-15,hs300,600089
2026-06-15,hs300,600104
2026-06-15,hs300,600111
2026-06-15,hs300,600115
2026-06-15,hs300,600118
2026-06-15,hs300,600150
2026-06-15,hs300,600160
2026-06-15,hs300,600176
2026-06-15,hs300,600183
2026-06-15,hs300,600188
2026-06-15,hs300,600196
2026-06-15,hs300,600219
2026-06-15,hs300,600221
2026-06-15,hs300,600233
2026-06-15,hs300,600276
2026-06-15,hs300,600309
2026-06-15,hs300,600346
2026-06-15,hs300,600362
2026-06-15,hs300,600372
2026-06-15,hs300,600406
2026-06-15,hs300,600415
2026-06-15,hs300,600426
2026-06-15,hs300,600436
2026-06-15,hs300,600438
2026-06-15,hs300,600460
2026-06-15,hs300,600482
2026-06-15,hs300,600489
2026-06-15,hs300,600515
2026-06-15,hs300,600519
2026-06-15,hs300,600522
2026-06-15,hs300,600547
2026-06-15,hs300,600549
2026-06-15,hs300,600570
2026-06-15,hs300,600584
2026-06-15,hs300,600585
2026-06-15,hs300,600588
2026-06-15,hs300,600600
2026-06-15,hs300,600660
2026-06-15,hs300,600674
2026-06-15,hs300,600690
2026-06-15,hs300,600741
2026-06-15,hs300,600760
2026-06-15,hs300,600795
2026-06-15,hs300,600803
2026-06-15,hs300,600809
2026-06-15,hs300,600845
2026-06-15,hs300,600875
2026-06-15,hs300,600886
2026-06-15,hs300,600887
2026-06-15,hs300,600893
2026-06-15,hs300,600900
2026-06-15,hs300,600905
2026-06-15,hs300,600918
2026-06-15,hs300,600919
2026-06-15,hs300,600926
2026-06-15,hs300,600930
2026-06-15,hs300,600938
2026-06-15,hs300,600941
2026-06-15,hs300,600958
2026-06-15,hs300,600989
2026-06-15,hs300,600999
2026-06-15,hs300,601006
2026-06-15,hs300,601009
2026-06-15,hs300,601012
2026-06-15,hs300,601018
2026-06-15,hs300,601021
2026-06-15,hs300,601058
2026-06-15,hs300,601059
2026-06-15,hs300,601066
2026-06-15,hs300,601077
2026-06-15,hs300,601088
2026-06-15,hs300,601100
2026-06-15,hs300,601111
2026-06-15,hs300,601117
2026-06-15,hs300,601127
2026-06-15,hs300,601136
2026-06-15,hs300,601138
2026-06-15,hs300,601166
2026-06-15,hs300,601169
2026-06-15,hs300,601186
2026-06-15,hs300,601211
2026-06-15,hs300,601225
2026-06-15,hs300,601229
2026-06-15,hs300,601238
2026-06-15,hs300,601288
2026-06-15,hs300,601318
2026-06-15,hs300,601319
2026-06-15,hs300,601328
2026-06-15,hs300,601336
2026-06-15,hs300,601360
2026-06-15,hs300,601377
2026-06-15,hs300,601390
2026-06-15,hs300,601398
2026-06-15,hs300,601456
2026-06-15,hs300,601600
2026-06-15,hs300,601601
2026-06-15,hs300,601607
2026-06-15,hs300,601618
2026-06-15,hs300,601628
2026-06-15,hs300,601633
2026-06-15,hs300,601658
2026-06-15,hs300,601668
2026-06-15,hs300,601669
2026-06-15,hs300,601688
2026-06-15,hs300,601689
2026-06-15,hs300,601698
2026-06-15,hs300,601727
2026-06-15,hs300,601728
2026-06-15,hs300,601766
2026-06-15,hs300,601788
2026-06-15,hs300,601800
2026-06-15,hs300,601816
2026-06-15,hs300,601818
2026-06-15,hs300,601825
2026-06-15,hs300,601838
2026-06-15,hs300,601857
2026-06-15,hs300,601868
2026-06-15,hs300,601872
2026-06-15,hs300,601877
2026-06-15,hs300,601878
2026-06-15,hs300,601881
2026-06-15,hs300,601888
2026-06-15,hs300,601898
2026-06-15,hs300,601899
2026-06-15,hs300,601901
2026-06-15,hs300,601916
2026-06-15,hs300,601919
2026-06-15,hs300,601939
2026-06-15,hs300,601985
2026-06-15,hs300,601988
2026-06-15,hs300,601995
2026-06-15,hs300,601998
2026-06-15,hs300,603019
2026-06-15,hs300,603259
2026-06-15,hs300,603260
2026-06-15,hs300,603288
2026-06-15,hs300,603296
2026-06-15,hs300,603369
2026-06-15,hs300,603392
2026-06-15,hs300,603501
2026-06-15,hs300,603799
2026-06-15,hs300,603893
2026-06-15,hs300,603986
2026-06-15,hs300,603993
2026-06-15,hs300,605117
2026-06-15,hs300,605499
2026-06-15,hs300,688008
2026-06-15,hs300,688009
2026-06-15,hs300,688012
2026-06-15,hs300,688036
2026-06-15,hs300,688041
2026-06-15,hs300,688047
2026-06-15,hs300,688072
2026-06-15,hs300,688082
2026-06-15,hs300,688111
2026-06-15,hs300,688126
2026-06-15,hs300,688183
2026-06-15,hs300,688223
2026-06-15,hs300,688256
2026-06-15,hs300,688271
2026-06-15,hs300,688303
2026-06-15,hs300,688396
2026-06-15,hs300,688472
2026-06-15,hs300,688506
2026-06-15,hs300,688521
2026-06-15,hs300,688981
2026-06-15,hs300,000001
2026-06-15,hs300,000002
2026-06-15,hs300,000063
2026-06-15,hs300,000100
2026-06-15,hs300,000157
2026-06-15,hs300,000166
2026-06-15,hs300,000301
2026-06-15,hs300,000333
2026-06-15,hs300,000338
2026-06-15,hs300,000408
2026-06-15,hs300,000425
2026-06-15,hs300,000538
2026-06-15,hs300,000568
2026-06-15,hs300,000596
2026-06-15,hs300,000617
2026-06-15,hs300,000625
2026-06-15,hs300,000630
2026-06-15,hs300,000651
2026-06-15,hs300,000657
2026-06-15,hs300,000708
2026-06-15,hs300,000725
2026-06-15,hs300,000768
2026-06-15,hs300,000776
2026-06-15,hs300,000792
2026-06-15,hs300,000807
2026-06-15,hs300,000858
2026-06-15,hs300,000895
2026-06-15,hs300,000938
2026-06-15,hs300,000963
2026-06-15,hs300,000975
2026-06-15,hs300,000977
2026-06-15,hs300,000988
2026-06-15,hs300,000999
2026-06-15,hs300,001280
2026-06-15,hs300,001391
2026-06-15,hs300,001965
2026-06-15,hs300,001979
2026-06-15,hs300,002001
2026-06-15,hs300,002027
2026-06-15,hs300,002028
2026-06-15,hs300,002049
2026-06-15,hs300,002050
2026-06-15,hs300,002074
2026-06-15,hs300,002142
2026-06-15,hs300,002179
2026-06-15,hs300,002202
2026-06-15,hs300,002230
2026-06-15,hs300,002236
2026-06-15,hs300,002241
2026-06-15,hs300,002304
2026-06-15,hs300,002311
2026-06-15,hs300,002352
2026-06-15,hs300,002353
2026-06-15,hs300,002371
2026-06-15,hs300,002384
2026-06-15,hs300,002415
2026-06-15,hs300,002422
2026-06-15,hs300,002460
2026-06-15,hs300,002463
2026-06-15,hs300,002466
2026-06-15,hs300,002475
2026-06-15,hs300,002493
2026-06-15,hs300,002532
2026-06-15,hs300,002558
2026-06-15,hs300,002594
2026-06-15,hs300,002600
2026-06-15,hs300,002602
2026-06-15,hs300,002625
2026-06-15,hs300,002648
2026-06-15,hs300,002709
2026-06-15,hs300,002714
2026-06-15,hs300,002736
2026-06-15,hs300,002837
2026-06-15,hs300,002916
2026-06-15,hs300,002920
2026-06-15,hs300,002938
2026-06-15,hs300,003816
2026-06-15,hs300,300014
2026-06-15,hs300,300015
2026-06-15,hs300,300033
2026-06-15,hs300,300059
2026-06-15,hs300,300122
2026-06-15,hs300,300124
2026-06-15,hs300,300251
2026-06-15,hs300,300274
2026-06-15,hs300,300308
2026-06-15,hs300,300316
2026-06-15,hs300,300394
2026-06-15,hs300,300408
2026-06-15,hs300,300413
2026-06-15,hs300,300418
2026-06-15,hs300,300433
2026-06-15,hs300,300442
2026-06-15,hs300,300450
2026-06-15,hs300,300476
2026-06-15,hs300,300498
2026-06-15,hs300,300502
2026-06-15,hs300,300628
2026-06-15,hs300,300661
2026-06-15,hs300,300750
2026-06-15,hs300,300760
2026-06-15,hs300,300803
2026-06-15,hs300,300832
2026-06-15,hs300,300866
2026-06-15,hs300,300896
2026-06-15,hs300,300999
2026-06-15,hs300,301165
2026-06-15,hs300,301236
2026-06-15,hs300,301269
2026-06-15,hs300,301308
2026-06-15,hs300,302132
2026-06-15,zz500,600004
2026-06-15,zz500,600008
2026-06-15,zz500,600021
2026-06-15,zz500,600032
2026-06-15,zz500,600038
2026-06-15,zz500,600060
2026-06-15,zz500,600062
2026-06-15,zz500,600095
2026-06-15,zz500,600098
2026-06-15,zz500,600100
2026-06-15,zz500,600105
2026-06-15,zz500,600109
2026-06-15,zz500,600126
2026-06-15,zz500,600131
2026-06-15,zz500,600132
2026-06-15,zz500,600141
2026-06-15,zz500,600143
2026-06-15,zz500,600153
2026-06-15,zz500,600157
2026-06-15,zz500,600161
2026-06-15,zz500,600166
2026-06-15,zz500,600170
2026-06-15,zz500,600171
2026-06-15,zz500,600177
2026-06-15,zz500,600208
2026-06-15,zz500,600256
2026-06-15,zz500,600282
2026-06-15,zz500,600292
2026-06-15,zz500,600295
2026-06-15,zz500,600298
2026-06-15,zz500,600299
2026-06-15,zz500,600312
2026-06-15,zz500,600316
2026-06-15,zz500,600329
2026-06-15,zz500,600332
2026-06-15,zz500,600339
2026-06-15,zz500,600348
2026-06-15,zz500,600350
2026-06-15,zz500,600352
2026-06-15,zz500,600363
2026-06-15,zz500,600369
2026-06-15,zz500,600377
2026-06-15,zz500,600378
2026-06-15,zz500,600380
2026-06-15,zz500,600390
2026-06-15,zz500,600392
2026-06-15,zz500,600398
2026-06-15,zz500,600435
2026-06-15,zz500,600483
2026-06-15,zz500,600486
2026-06-15,zz500,600497
2026-06-15,zz500,600498
2026-06-15,zz500,600499
2026-06-15,zz500,600511
2026-06-15,zz500,600516
2026-06-15,zz500,600517
2026-06-15,zz500,600521
2026-06-15,zz500,600535
2026-06-15,zz500,600536
2026-06-15,zz500,600546
2026-06-15,zz500,600562
2026-06-15,zz500,600563
2026-06-15,zz500,600566
2026-06-15,zz500,600578
2026-06-15,zz500,600582
2026-06-15,zz500,600583
2026-06-15,zz500,600595
2026-06-15,zz500,600598
2026-06-15,zz500,600601
2026-06-15,zz500,600602
2026-06-15,zz500,600606
2026-06-15,zz500,600637
2026-06-15,zz500,600642
2026-06-15,zz500,600655
2026-06-15,zz500,600663
2026-06-15,zz500,600685
2026-06-15,zz500,600688
2026-06-15,zz500,600699
2026-06-15,zz500,600704
2026-06-15,zz500,600707
2026-06-15,zz500,600711
2026-06-15,zz500,600737
2026-06-15,zz500,600754
2026-06-15,zz500,600763
2026-06-15,zz500,600764
2026-06-15,zz500,600765
2026-06-15,zz500,600801
2026-06-15,zz500,600808
2026-06-15,zz500,600816
2026-06-15,zz500,600820
2026-06-15,zz500,600848
2026-06-15,zz500,600862
2026-06-15,zz500,600863
2026-06-15,zz500,600871
2026-06-15,zz500,600873
2026-06-15,zz500,600879
2026-06-15,zz500,600884
2026-06-15,zz500,600885
2026-06-15,zz500,600901
2026-06-15,zz500,600906
2026-06-15,zz500,600909
2026-06-15,zz500,600927
2026-06-15,zz500,600967
2026-06-15,zz500,600968
2026-06-15,zz500,600970
2026-06-15,zz500,600977
2026-06-15,zz500,600985
2026-06-15,zz500,600988
2026-06-15,zz500,600995
2026-06-15,zz500,600998
2026-06-15,zz500,601000
2026-06-15,zz500,601001
2026-06-15,zz500,601016
2026-06-15,zz500,601019
2026-06-15,zz500,601098
2026-06-15,zz500,601099
2026-06-15,zz500,601106
2026-06-15,zz500,601108
2026-06-15,zz500,601112
2026-06-15,zz500,601118
2026-06-15,zz500,601128
2026-06-15,zz500,601139
2026-06-15,zz500,601155
2026-06-15,zz500,601156
2026-06-15,zz500,601162
2026-06-15,zz500,601179
2026-06-15,zz500,601198
2026-06-15,zz500,601212
2026-06-15,zz500,601216
2026-06-15,zz500,601228
2026-06-15,zz500,601233
2026-06-15,zz500,601236
2026-06-15,zz500,601298
2026-06-15,zz500,601399
2026-06-15,zz500,601555
2026-06-15,zz500,601567
2026-06-15,zz500,601577
2026-06-15,zz500,601598
2026-06-15,zz500,601608
2026-06-15,zz500,601611
2026-06-15,zz500,601615
2026-06-15,zz500,601665
2026-06-15,zz500,601666
2026-06-15,zz500,601696
2026-06-15,zz500,601699
2026-06-15,zz500,601717
2026-06-15,zz500,601799
2026-06-15,zz500,601808
2026-06-15,zz500,601865
2026-06-15,zz500,601866
2026-06-15,zz500,601869
2026-06-15,zz500,601880
2026-06-15,zz500,601928
2026-06-15,zz500,601958
2026-06-15,zz500,601966
2026-06-15,zz500,601990
2026-06-15,zz500,601991
2026-06-15,zz500,601997
2026-06-15,zz500,603000
2026-06-15,zz500,603049
2026-06-15,zz500,603077
2026-06-15,zz500,603087
2026-06-15,zz500,603092
2026-06-15,zz500,603119
2026-06-15,zz500,603129
2026-06-15,zz500,603156
2026-06-15,zz500,603160
2026-06-15,zz500,603175
2026-06-15,zz500,603179
2026-06-15,zz500,603225
2026-06-15,zz500,603233
2026-06-15,zz500,603256
2026-06-15,zz500,603290
2026-06-15,zz500,603298
2026-06-15,zz500,603308
2026-06-15,zz500,603338
2026-06-15,zz500,603341
2026-06-15,zz500,603345
2026-06-15,zz500,603379
2026-06-15,zz500,603444
2026-06-15,zz500,603486
2026-06-15,zz500,603529
2026-06-15,zz500,603565
2026-06-15,zz500,603568
2026-06-15,zz500,603589
2026-06-15,zz500,603596
2026-06-15,zz500,603605
2026-06-15,zz500,603606
2026-06-15,zz500,603650
2026-06-15,zz500,603658
2026-06-15,zz500,603659
2026-06-15,zz500,603688
2026-06-15,zz500,603699
2026-06-15,zz500,603728
2026-06-15,zz500,603737
2026-06-15,zz500,603766
2026-06-15,zz500,603786
2026-06-15,zz500,603806
2026-06-15,zz500,603816
2026-06-15,zz500,603833
2026-06-15,zz500,603858
2026-06-15,zz500,603885
2026-06-15,zz500,603899
2026-06-15,zz500,603920
2026-06-15,zz500,603939
2026-06-15,zz500,603979
2026-06-15,zz500,605358
2026-06-15,zz500,605589
2026-06-15,zz500,688002
2026-06-15,zz500,688017
2026-06-15,zz500,688018
2026-06-15,zz500,688019
2026-06-15,zz500,688027
2026-06-15,zz500,688037
2026-06-15,zz500,688052
2026-06-15,zz500,688065
2026-06-15,zz500,688099
2026-06-15,zz500,688114
2026-06-15,zz500,688120
2026-06-15,zz500,688122
2026-06-15,zz500,688166
2026-06-15,zz500,688169
2026-06-15,zz500,688172
2026-06-15,zz500,688180
2026-06-15,zz500,688187
2026-06-15,zz500,688188
2026-06-15,zz500,688192
2026-06-15,zz500,688200
2026-06-15,zz500,688213
2026-06-15,zz500,688220
2026-06-15,zz500,688234
2026-06-15,zz500,688235
2026-06-15,zz500,688248
2026-06-15,zz500,688266
2026-06-15,zz500,688278
2026-06-15,zz500,688281
2026-06-15,zz500,688295
2026-06-15,zz500,688297
2026-06-15,zz500,688301
2026-06-15,zz500,688313
2026-06-15,zz500,688318
2026-06-15,zz500,688322
2026-06-15,zz500,688331
2026-06-15,zz500,688336
2026-06-15,zz500,688343
2026-06-15,zz500,688347
2026-06-15,zz500,688349
2026-06-15,zz500,688361
2026-06-15,zz500,688363
2026-06-15,zz500,688375
2026-06-15,zz500,688385
2026-06-15,zz500,688387
2026-06-15,zz500,688411
2026-06-15,zz500,688425
2026-06-15,zz500,688469
2026-06-15,zz500,688475
2026-06-15,zz500,688498
2026-06-15,zz500,688520
2026-06-15,zz500,688538
2026-06-15,zz500,688561
2026-06-15,zz500,688563
2026-06-15,zz500,688568
2026-06-15,zz500,688578
2026-06-15,zz500,688582
2026-06-15,zz500,688599
2026-06-15,zz500,688608
2026-06-15,zz500,688615
2026-06-15,zz500,688617
2026-06-15,zz500,688629
2026-06-15,zz500,688676
2026-06-15,zz500,688692
2026-06-15,zz500,688702
2026-06-15,zz500,688708
2026-06-15,zz500,688709
2026-06-15,zz500,688728
2026-06-15,zz500,688772
2026-06-15,zz500,688777
2026-06-15,zz500,688778
2026-06-15,zz500,688819
2026-06-15,zz500,689009
2026-06-15,zz500,000009
2026-06-15,zz500,000021
2026-06-15,zz500,000027
2026-06-15,zz500,000032
2026-06-15,zz500,000034
2026-06-15,zz500,000039
2026-06-15,zz500,000050
2026-06-15,zz500,000060
2026-06-15,zz500,000062
2026-06-15,zz500,000088
2026-06-15,zz500,000155
2026-06-15,zz500,000400
2026-06-15,zz500,000415
2026-06-15,zz500,000423
2026-06-15,zz500,000429
2026-06-15,zz500,000513
2026-06-15,zz500,000519
2026-06-15,zz500,000528
2026-06-15,zz500,000537
2026-06-15,zz500,000539
2026-06-15,zz500,000559
2026-06-15,zz500,000582
2026-06-15,zz500,000591
2026-06-15,zz500,000598
2026-06-15,zz500,000623
2026-06-15,zz500,000629
2026-06-15,zz500,000661
2026-06-15,zz500,000683
2026-06-15,zz500,000703
2026-06-15,zz500,000709
2026-06-15,zz500,000723
2026-06-15,zz500,000728
2026-06-15,zz500,000729
2026-06-15,zz500,000733
2026-06-15,zz500,000737
2026-06-15,zz500,000738
2026-06-15,zz500,000739
2026-06-15,zz500,000750
2026-06-15,zz500,000783
2026-06-15,zz500,000785
2026-06-15,zz500,000786
2026-06-15,zz500,000800
2026-06-15,zz500,000825
2026-06-15,zz500,000830
2026-06-15,zz500,000831
2026-06-15,zz500,000878
2026-06-15,zz500,000883
2026-06-15,zz500,000887
2026-06-15,zz500,000893
2026-06-15,zz500,000898
2026-06-15,zz500,000921
2026-06-15,zz500,000932
2026-06-15,zz500,000937
2026-06-15,zz500,000951
2026-06-15,zz500,000959
2026-06-15,zz500,000960
2026-06-15,zz500,000967
2026-06-15,zz500,000983
2026-06-15,zz500,000987
2026-06-15,zz500,000997
2026-06-15,zz500,001203
2026-06-15,zz500,001221
2026-06-15,zz500,001286
2026-06-15,zz500,001309
2026-06-15,zz500,001386
2026-06-15,zz500,001389
2026-06-15,zz500,001696
2026-06-15,zz500,002007
2026-06-15,zz500,002008
2026-06-15,zz500,002025
2026-06-15,zz500,002032
2026-06-15,zz500,002044
2026-06-15,zz500,002056
2026-06-15,zz500,002064
2026-06-15,zz500,002065
2026-06-15,zz500,002078
2026-06-15,zz500,002085
2026-06-15,zz500,002120
2026-06-15,zz500,002126
2026-06-15,zz500,002130
2026-06-15,zz500,002131
2026-06-15,zz500,002138
2026-06-15,zz500,002152
2026-06-15,zz500,002153
2026-06-15,zz500,002155
2026-06-15,zz500,002157
2026-06-15,zz500,002185
2026-06-15,zz500,002195
2026-06-15,zz500,002203
2026-06-15,zz500,002223
2026-06-15,zz500,002244
2026-06-15,zz500,002252
2026-06-15,zz500,002261
2026-06-15,zz500,002262
2026-06-15,zz500,002265
2026-06-15,zz500,002266
2026-06-15,zz500,002271
2026-06-15,zz500,002273
2026-06-15,zz500,002281
2026-06-15,zz500,002299
2026-06-15,zz500,002312
2026-06-15,zz500,002318
2026-06-15,zz500,002335
2026-06-15,zz500,002340
2026-06-15,zz500,002402
2026-06-15,zz500,002407
2026-06-15,zz500,002409
2026-06-15,zz500,002410
2026-06-15,zz500,002414
2026-06-15,zz500,002423
2026-06-15,zz500,002429
2026-06-15,zz500,002430
2026-06-15,zz500,002432
2026-06-15,zz500,002436
2026-06-15,zz500,002444
2026-06-15,zz500,002461
2026-06-15,zz500,002465
2026-06-15,zz500,002472
2026-06-15,zz500,002487
2026-06-15,zz500,002500
2026-06-15,zz500,002508
2026-06-15,zz500,002517
2026-06-15,zz500,002568
2026-06-15,zz500,002583
2026-06-15,zz500,002601
2026-06-15,zz500,002603
2026-06-15,zz500,002608
2026-06-15,zz500,002624
2026-06-15,zz500,002670
2026-06-15,zz500,002673
2026-06-15,zz500,002683
2026-06-15,zz500,002738
2026-06-15,zz500,002739
2026-06-15,zz500,002756
2026-06-15,zz500,002773
2026-06-15,zz500,002797
2026-06-15,zz500,002812
2026-06-15,zz500,002821
2026-06-15,zz500,002831
2026-06-15,zz500,002841
2026-06-15,zz500,002850
2026-06-15,zz500,002851
2026-06-15,zz500,002926
2026-06-15,zz500,002939
2026-06-15,zz500,002945
2026-06-15,zz500,002966
2026-06-15,zz500,002984
2026-06-15,zz500,003021
2026-06-15,zz500,003022
2026-06-15,zz500,003031
2026-06-15,zz500,003035
2026-06-15,zz500,300001
2026-06-15,zz500,300002
2026-06-15,zz500,300003
2026-06-15,zz500,300012
2026-06-15,zz500,300017
2026-06-15,zz500,300024
2026-06-15,zz500,300037
2026-06-15,zz500,300054
2026-06-15,zz500,300058
2026-06-15,zz500,300073
2026-06-15,zz500,300100
2026-06-15,zz500,300115
2026-06-15,zz500,300136
2026-06-15,zz500,300140
2026-06-15,zz500,300142
2026-06-15,zz500,300144
2026-06-15,zz500,300146
2026-06-15,zz500,300207
2026-06-15,zz500,300223
2026-06-15,zz500,300285
2026-06-15,zz500,300339
2026-06-15,zz500,300346
2026-06-15,zz500,300373
2026-06-15,zz500,300383
2026-06-15,zz500,300390
2026-06-15,zz500,300395
2026-06-15,zz500,300432
2026-06-15,zz500,300454
2026-06-15,zz500,300458
2026-06-15,zz500,300474
2026-06-15,zz500,300475
2026-06-15,zz500,300487
2026-06-15,zz500,300496
2026-06-15,zz500,300548
2026-06-15,zz500,300558
2026-06-15,zz500,300567
2026-06-15,zz500,300570
2026-06-15,zz500,300604
2026-06-15,zz500,300620
2026-06-15,zz500,300623
2026-06-15,zz500,300627
2026-06-15,zz500,300666
2026-06-15,zz500,300676
2026-06-15,zz500,300677
2026-06-15,zz500,300679
2026-06-15,zz500,300699
2026-06-15,zz500,300718
2026-06-15,zz500,300724
2026-06-15,zz500,300735
2026-06-15,zz500,300748
2026-06-15,zz500,300751
2026-06-15,zz500,300757
2026-06-15,zz500,300759
2026-06-15,zz500,300763
2026-06-15,zz500,300857
2026-06-15,zz500,300888
2026-06-15,zz500,300919
2026-06-15,zz500,300953
2026-06-15,zz500,300957
2026-06-15,zz500,300972
2026-06-15,zz500,301200
2026-06-15,zz500,301301
2026-06-15,zz500,301358
2026-06-15,zz500,301377
2026-06-15,zz500,301498
2026-06-15,zz500,301526
2026-06-15,zz500,301536
2026-06-15,zz500,301606
2026-06-15,zz500,301611
